2.09822233333333, 0, 1
2.23743408333333, 1, 1
2.237434125, 0, 1
2.23743416666667, 1, 1
2.23743420833333, 0, 1
2.23743425, 1, 1
2.23743429166667, 0, 1
2.23743433333333, 1, 1
2.237434375, 0, 1
2.23743441666667, 1, 1
2.23743445833333, 0, 1
2.23743454166667, 1, 1
2.23743458333333, 0, 1
2.237434625, 1, 1
2.23743466666667, 0, 1
2.23743470833333, 1, 1
2.23743475, 0, 1
2.23743479166667, 1, 1
2.23743483333333, 0, 1
2.237434875, 1, 1
2.23743491666667, 0, 1
2.23743495833333, 1, 1
2.237435, 0, 1
2.23743504166667, 1, 1
2.23743508333333, 0, 1
2.237435125, 1, 1
2.23743516666667, 0, 1
2.23743520833333, 1, 1
2.23743525, 0, 1
2.23743529166667, 1, 1
2.23743533333333, 0, 1
2.237435375, 1, 1
2.23743541666667, 0, 1
2.23743545833333, 1, 1
2.2374355, 0, 1
2.23743558333333, 1, 1
2.237435625, 0, 1
2.23743566666667, 1, 1
2.23743570833333, 0, 1
2.23743575, 1, 1
2.23743579166667, 0, 1
2.23743583333333, 1, 1
2.237435875, 0, 1
2.23743591666667, 1, 1
2.23743595833333, 0, 1
2.237436, 1, 1
2.23743604166667, 0, 1
2.23743608333333, 1, 1
2.237436125, 0, 1
2.23743616666667, 1, 1
2.23743620833333, 0, 1
2.23743625, 1, 1
2.23743629166667, 0, 1
2.23743633333333, 1, 1
2.237436375, 0, 1
2.23743641666667, 1, 1
2.23743645833333, 0, 1
2.23743654166667, 1, 1
2.23743658333333, 0, 1
2.237436625, 1, 1
2.23743666666667, 0, 1
2.23743670833333, 1, 1
2.23743675, 0, 1
2.23743679166667, 1, 1
2.23743683333333, 0, 1
2.237436875, 1, 1
2.23743691666667, 0, 1
2.23743695833333, 1, 1
2.237437, 0, 1
2.23743704166667, 1, 1
2.23743708333333, 0, 1
2.237437125, 1, 1
2.23743716666667, 0, 1
2.23743720833333, 1, 1
2.23743725, 0, 1
2.23743729166667, 1, 1
2.23743733333333, 0, 1
2.237437375, 1, 1
2.23743741666667, 0, 1
2.23743745833333, 1, 1
2.2374375, 0, 1
2.23743758333333, 1, 1
2.237437625, 0, 1
2.23743766666667, 1, 1
2.23743770833333, 0, 1
2.23743775, 1, 1
2.23743779166667, 0, 1
2.23743783333333, 1, 1
2.237437875, 0, 1
2.23743791666667, 1, 1
2.23743795833333, 0, 1
2.237438, 1, 1
2.23743804166667, 0, 1
2.23743808333333, 1, 1
2.237438125, 0, 1
2.23743816666667, 1, 1
2.23743820833333, 0, 1
2.23743825, 1, 1
2.23743829166667, 0, 1
2.23743833333333, 1, 1
2.237438375, 0, 1
2.23743841666667, 1, 1
2.23743845833333, 0, 1
2.23743854166667, 1, 1
2.23743858333333, 0, 1
2.237438625, 1, 1
2.23743866666667, 0, 1
2.23743870833333, 1, 1
2.23743875, 0, 1
2.23743879166667, 1, 1
2.23743883333333, 0, 1
2.237438875, 1, 1
2.23743891666667, 0, 1
2.23743895833333, 1, 1
2.237439, 0, 1
2.23743904166667, 1, 1
2.23743908333333, 0, 1
2.237439125, 1, 1
2.23743916666667, 0, 1
2.23743920833333, 1, 1
2.23743925, 0, 1
2.23743929166667, 1, 1
2.23743933333333, 0, 1
2.237439375, 1, 1
2.23743941666667, 0, 1
2.23743945833333, 1, 1
2.23743979166667, 0, 1
2.23942620833333, 1, 1
2.23942625, 0, 1
2.23942629166667, 1, 1
2.23942633333333, 0, 1
2.239426375, 1, 1
2.23942641666667, 0, 1
2.23942645833333, 1, 1
2.23942654166667, 0, 1
2.23942658333333, 1, 1
2.239426625, 0, 1
2.23942666666667, 1, 1
2.23942670833333, 0, 1
2.23942675, 1, 1
2.23942679166667, 0, 1
2.23942683333333, 1, 1
2.239426875, 0, 1
2.23942691666667, 1, 1
2.23942695833333, 0, 1
2.239427, 1, 1
2.23942704166667, 0, 1
2.23942708333333, 1, 1
2.239427125, 0, 1
2.23942716666667, 1, 1
2.23942720833333, 0, 1
2.23942725, 1, 1
2.23942729166667, 0, 1
2.23942733333333, 1, 1
2.239427375, 0, 1
2.23942741666667, 1, 1
2.23942745833333, 0, 1
2.23942754166667, 1, 1
2.23942758333333, 0, 1
2.239427625, 1, 1
2.23942766666667, 0, 1
2.23942770833333, 1, 1
2.23942775, 0, 1
2.23942779166667, 1, 1
2.23942783333333, 0, 1
2.239427875, 1, 1
2.23942791666667, 0, 1
2.23942795833333, 1, 1
2.239428, 0, 1
2.23942804166667, 1, 1
2.23942808333333, 0, 1
2.239428125, 1, 1
2.23942816666667, 0, 1
2.23942820833333, 1, 1
2.23942825, 0, 1
2.23942829166667, 1, 1
2.23942833333333, 0, 1
2.239428375, 1, 1
2.23942841666667, 0, 1
2.23942845833333, 1, 1
2.23942854166667, 0, 1
2.23942858333333, 1, 1
2.239428625, 0, 1
2.23942866666667, 1, 1
2.23942870833333, 0, 1
2.23942875, 1, 1
2.23942879166667, 0, 1
2.23942883333333, 1, 1
2.239428875, 0, 1
2.23942891666667, 1, 1
2.23942895833333, 0, 1
2.239429, 1, 1
2.23942904166667, 0, 1
2.23942908333333, 1, 1
2.239429125, 0, 1
2.23942916666667, 1, 1
2.23942920833333, 0, 1
2.23942925, 1, 1
2.23942929166667, 0, 1
2.23942933333333, 1, 1
2.239429375, 0, 1
2.23942941666667, 1, 1
2.23942945833333, 0, 1
2.23942954166667, 1, 1
2.23942958333333, 0, 1
2.239429625, 1, 1
2.23942966666667, 0, 1
2.23942970833333, 1, 1
2.23942975, 0, 1
2.23942979166667, 1, 1
2.23942983333333, 0, 1
2.239429875, 1, 1
2.23942991666667, 0, 1
2.23942995833333, 1, 1
2.23943, 0, 1
2.23943004166667, 1, 1
2.23943008333333, 0, 1
2.239430125, 1, 1
2.23943016666667, 0, 1
2.23943020833333, 1, 1
2.23943025, 0, 1
2.23943029166667, 1, 1
2.23943033333333, 0, 1
2.239430375, 1, 1
2.23943041666667, 0, 1
2.23943045833333, 1, 1
2.23943054166667, 0, 1
2.23943058333333, 1, 1
2.239430625, 0, 1
2.23943066666667, 1, 1
2.23943070833333, 0, 1
2.23943075, 1, 1
2.23943079166667, 0, 1
2.23943083333333, 1, 1
2.239430875, 0, 1
2.23943091666667, 1, 1
2.23943095833333, 0, 1
2.239431, 1, 1
2.23943104166667, 0, 1
2.23943108333333, 1, 1
2.239431125, 0, 1
2.23943116666667, 1, 1
2.23943120833333, 0, 1
2.23943125, 1, 1
2.23943129166667, 0, 1
2.23943133333333, 1, 1
2.239431375, 0, 1
2.23943141666667, 1, 1
2.23943145833333, 0, 1
2.23943154166667, 1, 1
2.23943191666667, 0, 1
2.514876125, 1, 1
2.51487633333333, 0, 1
2.5148765, 1, 1
2.51487670833333, 0, 1
2.51487691666667, 1, 1
2.514877125, 0, 1
2.51487733333333, 1, 1
2.5148775, 0, 1
2.51487770833333, 1, 1
2.51487791666667, 0, 1
2.514878125, 1, 1
2.51487833333333, 0, 1
2.5148785, 1, 1
2.51487870833333, 0, 1
2.51487891666667, 1, 1
2.514879125, 0, 1
2.51487933333333, 1, 1
2.5148795, 0, 1
2.51487970833333, 1, 1
2.51487991666667, 0, 1
2.514880125, 1, 1
2.51488033333333, 0, 1
2.5148805, 1, 1
2.51488070833333, 0, 1
2.51488091666667, 1, 1
2.514881125, 0, 1
2.51488133333333, 1, 1
2.5148815, 0, 1
2.51488170833333, 1, 1
2.51488191666667, 0, 1
2.514882125, 1, 1
2.51488233333333, 0, 1
2.5148825, 1, 1
2.51488270833333, 0, 1
2.51488291666667, 1, 1
2.514883125, 0, 1
2.51488333333333, 1, 1
2.5148835, 0, 1
2.51488370833333, 1, 1
2.51488391666667, 0, 1
2.514884125, 1, 1
2.51488433333333, 0, 1
2.5148845, 1, 1
2.51488470833333, 0, 1
2.51488491666667, 1, 1
2.514885125, 0, 1
2.51488533333333, 1, 1
2.5148855, 0, 1
2.51488570833333, 1, 1
2.51488591666667, 0, 1
2.514886125, 1, 1
2.51488633333333, 0, 1
2.5148865, 1, 1
2.51488670833333, 0, 1
2.51488691666667, 1, 1
2.514887125, 0, 1
2.51488733333333, 1, 1
2.5148875, 0, 1
2.51488770833333, 1, 1
2.51488791666667, 0, 1
2.514888125, 1, 1
2.51488833333333, 0, 1
2.5148885, 1, 1
2.51488870833333, 0, 1
2.51488891666667, 1, 1
2.514889, 1, 0
2.514889125, 0, 0
2.51488933333333, 1, 0
2.51488941666667, 1, 1
2.5148895, 0, 1
2.51488970833333, 1, 1
2.51488979166667, 1, 0
2.51488991666667, 0, 0
2.514890125, 1, 0
2.51489020833333, 1, 1
2.51489033333333, 0, 1
2.5148905, 1, 1
2.51489070833333, 0, 1
2.51489091666667, 1, 1
2.514891125, 0, 1
2.51489133333333, 1, 1
2.5148915, 0, 1
2.51489170833333, 1, 1
2.51489191666667, 0, 1
2.514892125, 1, 1
2.51489220833333, 1, 0
2.51489233333333, 0, 0
2.5148925, 1, 0
2.51489258333333, 1, 1
2.51489270833333, 0, 1
2.51489291666667, 1, 1
2.514893, 1, 0
2.514893125, 0, 0
2.51489333333333, 1, 0
2.5148935, 0, 0
2.51489370833333, 1, 0
2.51489391666667, 0, 0
2.514894125, 1, 0
2.51489433333333, 0, 0
2.5148945, 1, 0
2.51489458333333, 1, 1
2.51489470833333, 0, 1
2.51489491666667, 1, 1
2.514895, 1, 0
2.514895125, 0, 0
2.51489533333333, 1, 0
2.5148955, 0, 0
2.51489570833333, 1, 0
2.51489591666667, 0, 0
2.514896125, 1, 0
2.51489633333333, 0, 0
2.5148965, 1, 0
2.51489670833333, 0, 0
2.51489691666667, 1, 0
2.514897125, 0, 0
2.51489733333333, 1, 0
2.51489741666667, 1, 1
2.5148975, 0, 1
2.51489770833333, 1, 1
2.51489779166667, 1, 0
2.51489791666667, 0, 0
2.514898125, 1, 0
2.51489820833333, 1, 1
2.51489833333333, 0, 1
2.5148985, 1, 1
2.51489858333333, 1, 0
2.51489870833333, 0, 0
2.51489891666667, 1, 0
2.514899125, 0, 0
2.51489933333333, 1, 0
2.5148995, 0, 0
2.51489970833333, 1, 0
2.51489991666667, 0, 0
2.514900125, 1, 0
2.51490033333333, 0, 0
2.5149005, 1, 0
2.51490070833333, 0, 0
2.51490091666667, 1, 0
2.514901125, 0, 0
2.51490133333333, 1, 0
2.51490141666667, 1, 1
2.5149015, 0, 1
2.51490170833333, 1, 1
2.51490191666667, 0, 1
2.514902125, 1, 1
2.51490233333333, 0, 1
2.51644179166667, 1, 1
2.516442, 0, 1
2.51644220833333, 1, 1
2.51644241666667, 0, 1
2.516442625, 1, 1
2.51644279166667, 0, 1
2.516443, 1, 1
2.51644320833333, 0, 1
2.51644341666667, 1, 1
2.516443625, 0, 1
2.51644379166667, 1, 1
2.516444, 0, 1
2.51644420833333, 1, 1
2.51644441666667, 0, 1
2.516444625, 1, 1
2.51644479166667, 0, 1
2.516445, 1, 1
2.51644520833333, 0, 1
2.51644541666667, 1, 1
2.516445625, 0, 1
2.51644579166667, 1, 1
2.516446, 0, 1
2.51644620833333, 1, 1
2.51644641666667, 0, 1
2.516446625, 1, 1
2.51644679166667, 0, 1
2.516447, 1, 1
2.51644720833333, 0, 1
2.51644741666667, 1, 1
2.516447625, 0, 1
2.51644779166667, 1, 1
2.516448, 0, 1
2.51644820833333, 1, 1
2.51644841666667, 0, 1
2.516448625, 1, 1
2.51644879166667, 0, 1
2.516449, 1, 1
2.51644920833333, 0, 1
2.51644941666667, 1, 1
2.516449625, 0, 1
2.51644979166667, 1, 1
2.51645, 0, 1
2.51645020833333, 1, 1
2.51645041666667, 0, 1
2.516450625, 1, 1
2.51645079166667, 0, 1
2.516451, 1, 1
2.51645120833333, 0, 1
2.51645141666667, 1, 1
2.516451625, 0, 1
2.51645179166667, 1, 1
2.516452, 0, 1
2.51645220833333, 1, 1
2.51645241666667, 0, 1
2.516452625, 1, 1
2.51645279166667, 0, 1
2.516453, 1, 1
2.51645320833333, 0, 1
2.51645341666667, 1, 1
2.516453625, 0, 1
2.51645379166667, 1, 1
2.516454, 0, 1
2.51645420833333, 1, 1
2.51645441666667, 0, 1
2.516454625, 1, 1
2.51645479166667, 0, 1
2.516455, 1, 1
2.51645508333333, 1, 0
2.51645520833333, 0, 0
2.51645541666667, 1, 0
2.5164555, 1, 1
2.516455625, 0, 1
2.51645579166667, 1, 1
2.516455875, 1, 0
2.516456, 0, 0
2.51645620833333, 1, 0
2.51645629166667, 1, 1
2.51645641666667, 0, 1
2.516456625, 1, 1
2.51645679166667, 0, 1
2.516457, 1, 1
2.51645720833333, 0, 1
2.51645741666667, 1, 1
2.516457625, 0, 1
2.51645779166667, 1, 1
2.516458, 0, 1
2.51645820833333, 1, 1
2.51645829166667, 1, 0
2.51645841666667, 0, 0
2.516458625, 1, 0
2.51645870833333, 1, 1
2.51645879166667, 0, 1
2.516459, 1, 1
2.51645908333333, 1, 0
2.51645920833333, 0, 0
2.51645941666667, 1, 0
2.516459625, 0, 0
2.51645979166667, 1, 0
2.51646, 0, 0
2.51646020833333, 1, 0
2.51646029166667, 1, 1
2.51646041666667, 0, 1
2.516460625, 1, 1
2.51646079166667, 0, 1
2.516461, 1, 1
2.51646108333333, 1, 0
2.51646120833333, 0, 0
2.51646141666667, 1, 0
2.516461625, 0, 0
2.51646179166667, 1, 0
2.516462, 0, 0
2.51646220833333, 1, 0
2.51646229166667, 1, 1
2.51646241666667, 0, 1
2.516462625, 1, 1
2.51646279166667, 0, 1
2.516463, 1, 1
2.51646308333333, 1, 0
2.51646320833333, 0, 0
2.51646341666667, 1, 0
2.516463625, 0, 0
2.51646383333333, 1, 0
2.516463875, 1, 1
2.516464, 0, 1
2.51646420833333, 1, 1
2.51646429166667, 1, 0
2.51646441666667, 0, 0
2.516464625, 1, 0
2.51646479166667, 0, 0
2.516465, 1, 0
2.51646520833333, 0, 0
2.51646541666667, 1, 0
2.516465625, 0, 0
2.51646583333333, 1, 0
2.516466, 0, 0
2.51646620833333, 1, 0
2.51646641666667, 0, 0
2.516466625, 1, 0
2.51646683333333, 0, 0
2.516467, 1, 0
2.51646708333333, 1, 1
2.51646720833333, 0, 1
2.51646741666667, 1, 1
2.5164675, 1, 0
2.516467625, 0, 0
2.51646783333333, 1, 0
2.516467875, 1, 1
2.516468, 0, 1
2.51646820833333, 1, 1
2.51646841666667, 0, 1
2.51853391666667, 1, 1
2.518534125, 0, 1
2.51853433333333, 1, 1
2.51853454166667, 0, 1
2.51853475, 1, 1
2.51853491666667, 0, 1
2.518535125, 1, 1
2.51853533333333, 0, 1
2.51853554166667, 1, 1
2.51853575, 0, 1
2.51853591666667, 1, 1
2.518536125, 0, 1
2.51853633333333, 1, 1
2.51853654166667, 0, 1
2.51853675, 1, 1
2.51853691666667, 0, 1
2.518537125, 1, 1
2.51853733333333, 0, 1
2.51853754166667, 1, 1
2.51853775, 0, 1
2.51853791666667, 1, 1
2.518538125, 0, 1
2.51853833333333, 1, 1
2.51853854166667, 0, 1
2.51853875, 1, 1
2.51853891666667, 0, 1
2.518539125, 1, 1
2.51853933333333, 0, 1
2.51853954166667, 1, 1
2.51853975, 0, 1
2.51853991666667, 1, 1
2.518540125, 0, 1
2.51854033333333, 1, 1
2.51854054166667, 0, 1
2.51854075, 1, 1
2.51854091666667, 0, 1
2.518541125, 1, 1
2.51854133333333, 0, 1
2.51854154166667, 1, 1
2.51854175, 0, 1
2.51854191666667, 1, 1
2.518542125, 0, 1
2.51854233333333, 1, 1
2.51854254166667, 0, 1
2.51854275, 1, 1
2.51854291666667, 0, 1
2.518543125, 1, 1
2.51854333333333, 0, 1
2.51854354166667, 1, 1
2.51854375, 0, 1
2.51854391666667, 1, 1
2.518544125, 0, 1
2.51854433333333, 1, 1
2.51854454166667, 0, 1
2.51854475, 1, 1
2.51854491666667, 0, 1
2.518545125, 1, 1
2.51854533333333, 0, 1
2.51854554166667, 1, 1
2.51854575, 0, 1
2.51854591666667, 1, 1
2.518546125, 0, 1
2.51854633333333, 1, 1
2.51854654166667, 0, 1
2.51854675, 1, 1
2.51854691666667, 0, 1
2.518547125, 1, 1
2.51854720833333, 1, 0
2.51854733333333, 0, 0
2.51854754166667, 1, 0
2.518547625, 1, 1
2.51854775, 0, 1
2.51854791666667, 1, 1
2.518548125, 0, 1
2.51854833333333, 1, 1
2.51854841666667, 1, 0
2.51854854166667, 0, 0
2.51854875, 1, 0
2.51854883333333, 1, 1
2.51854891666667, 0, 1
2.518549125, 1, 1
2.51854933333333, 0, 1
2.51854954166667, 1, 1
2.51854975, 0, 1
2.51854991666667, 1, 1
2.518550125, 0, 1
2.51855033333333, 1, 1
2.51855041666667, 1, 0
2.51855054166667, 0, 0
2.51855075, 1, 0
2.51855083333333, 1, 1
2.51855091666667, 0, 1
2.518551125, 1, 1
2.51855120833333, 1, 0
2.51855133333333, 0, 0
2.51855154166667, 1, 0
2.51855175, 0, 0
2.51855191666667, 1, 0
2.518552125, 0, 0
2.51855233333333, 1, 0
2.51855241666667, 1, 1
2.51855254166667, 0, 1
2.51855275, 1, 1
2.51855291666667, 0, 1
2.518553125, 1, 1
2.51855333333333, 0, 1
2.51855354166667, 1, 0
2.51855375, 0, 0
2.51855391666667, 1, 0
2.518554125, 0, 0
2.51855433333333, 1, 1
2.51855454166667, 0, 1
2.51855475, 1, 1
2.51855491666667, 0, 1
2.518555125, 1, 1
2.51855516666667, 1, 0
2.51855533333333, 0, 0
2.51855554166667, 1, 0
2.51855575, 0, 0
2.51855591666667, 1, 0
2.51855595833333, 1, 1
2.518556125, 0, 1
2.51855633333333, 1, 0
2.51855654166667, 0, 0
2.51855675, 1, 0
2.51855691666667, 0, 0
2.518557125, 1, 0
2.51855733333333, 0, 0
2.51855754166667, 1, 0
2.51855775, 0, 0
2.51855791666667, 1, 0
2.518558125, 0, 0
2.51855833333333, 1, 0
2.51855854166667, 0, 0
2.51855875, 1, 0
2.51855891666667, 0, 0
2.518559125, 1, 0
2.51855933333333, 0, 0
2.51855954166667, 1, 0
2.51855975, 0, 0
2.51855991666667, 1, 0
2.51856, 1, 1
2.518560125, 0, 1
2.51856033333333, 1, 1
2.51856054166667, 0, 1
2.52044125, 1, 1
2.52044145833333, 0, 1
2.52044166666667, 1, 1
2.52044183333333, 0, 1
2.52044204166667, 1, 1
2.52044225, 0, 1
2.52044245833333, 1, 1
2.52044266666667, 0, 1
2.52044283333333, 1, 1
2.52044304166667, 0, 1
2.52044325, 1, 1
2.52044345833333, 0, 1
2.52044366666667, 1, 1
2.52044383333333, 0, 1
2.52044404166667, 1, 1
2.52044425, 0, 1
2.52044445833333, 1, 1
2.52044466666667, 0, 1
2.52044483333333, 1, 1
2.52044504166667, 0, 1
2.52044525, 1, 1
2.52044545833333, 0, 1
2.52044566666667, 1, 1
2.52044583333333, 0, 1
2.52044604166667, 1, 1
2.52044625, 0, 1
2.52044645833333, 1, 1
2.52044666666667, 0, 1
2.52044683333333, 1, 1
2.52044704166667, 0, 1
2.52044725, 1, 1
2.52044745833333, 0, 1
2.52044766666667, 1, 1
2.52044783333333, 0, 1
2.52044804166667, 1, 1
2.52044825, 0, 1
2.52044845833333, 1, 1
2.52044866666667, 0, 1
2.52044883333333, 1, 1
2.52044904166667, 0, 1
2.52044925, 1, 1
2.52044945833333, 0, 1
2.52044966666667, 1, 1
2.52044983333333, 0, 1
2.52045004166667, 1, 1
2.52045025, 0, 1
2.52045045833333, 1, 1
2.52045066666667, 0, 1
2.52045083333333, 1, 1
2.52045104166667, 0, 1
2.52045125, 1, 1
2.52045145833333, 0, 1
2.52045166666667, 1, 1
2.52045183333333, 0, 1
2.52045204166667, 1, 1
2.52045225, 0, 1
2.52045245833333, 1, 1
2.52045266666667, 0, 1
2.52045283333333, 1, 1
2.52045304166667, 0, 1
2.52045325, 1, 1
2.52045345833333, 0, 1
2.52045366666667, 1, 1
2.52045383333333, 0, 1
2.52045404166667, 1, 1
2.52045425, 0, 1
2.52045445833333, 1, 1
2.52045454166667, 1, 0
2.52045466666667, 0, 0
2.52045483333333, 1, 0
2.52045491666667, 1, 1
2.52045504166667, 0, 1
2.52045525, 1, 1
2.52045545833333, 0, 1
2.52045566666667, 1, 1
2.52045575, 1, 0
2.52045583333333, 0, 0
2.52045604166667, 1, 0
2.520456125, 1, 1
2.52045625, 0, 1
2.52045645833333, 1, 1
2.52045666666667, 0, 1
2.52045683333333, 1, 1
2.52045704166667, 0, 1
2.52045725, 1, 1
2.52045745833333, 0, 1
2.52045766666667, 1, 1
2.52045775, 1, 0
2.52045783333333, 0, 0
2.52045804166667, 1, 0
2.520458125, 1, 1
2.52045825, 0, 1
2.52045845833333, 1, 1
2.52045866666667, 0, 1
2.52045883333333, 1, 1
2.52045891666667, 1, 0
2.52045904166667, 0, 0
2.52045925, 1, 0
2.52045945833333, 0, 0
2.52045966666667, 1, 0
2.52045983333333, 0, 0
2.52046004166667, 1, 0
2.52046008333333, 1, 1
2.52046025, 0, 1
2.52046045833333, 1, 1
2.52046066666667, 0, 1
2.52046083333333, 1, 1
2.520460875, 1, 0
2.52046104166667, 0, 0
2.52046125, 1, 0
2.52046145833333, 0, 0
2.52046166666667, 1, 0
2.52046183333333, 0, 0
2.52046204166667, 1, 0
2.52046225, 0, 0
2.52046245833333, 1, 0
2.52046266666667, 0, 0
2.52046283333333, 1, 0
2.52046304166667, 0, 0
2.52046325, 1, 0
2.52046345833333, 0, 0
2.52046366666667, 1, 0
2.52046383333333, 0, 0
2.52046404166667, 1, 0
2.52046425, 0, 0
2.52046445833333, 1, 0
2.52046466666667, 0, 0
2.52046483333333, 1, 0
2.52046504166667, 0, 0
2.52046525, 1, 0
2.52046545833333, 0, 0
2.52046566666667, 1, 0
2.52046583333333, 0, 0
2.52046604166667, 1, 0
2.52046625, 0, 0
2.52046645833333, 1, 0
2.52046666666667, 0, 0
2.52046683333333, 1, 0
2.52046704166667, 0, 0
2.52046725, 1, 0
2.52046729166667, 1, 1
2.52046745833333, 0, 1
2.52046766666667, 1, 1
2.52046783333333, 0, 1
3.24149504166667, 1, 1
3.24149508333333, 0, 1
3.241495125, 1, 1
3.24149516666667, 0, 1
3.24149520833333, 1, 1
3.24149525, 0, 1
3.24149529166667, 1, 1
3.24149533333333, 0, 1
3.241495375, 1, 1
3.24149541666667, 0, 1
3.24149545833333, 1, 1
3.2414955, 0, 1
3.24149554166667, 1, 1
3.24149558333333, 0, 1
3.241495625, 1, 1
3.24149566666667, 0, 1
3.24149570833333, 1, 1
3.24149575, 0, 1
3.24149579166667, 1, 1
3.24149583333333, 0, 1
3.241495875, 1, 1
3.24149591666667, 0, 1
3.24149595833333, 1, 1
3.24149604166667, 0, 1
3.24149608333333, 1, 1
3.241496125, 0, 1
3.24149616666667, 1, 1
3.24149620833333, 0, 1
3.24149625, 1, 1
3.24149629166667, 0, 1
3.24149633333333, 1, 1
3.241496375, 0, 1
3.24149641666667, 1, 1
3.24149645833333, 0, 1
3.2414965, 1, 1
3.24149654166667, 0, 1
3.24149658333333, 1, 1
3.241496625, 0, 1
3.24149666666667, 1, 1
3.24149670833333, 0, 1
3.24149675, 1, 1
3.24149679166667, 0, 1
3.24149683333333, 1, 1
3.241496875, 0, 1
3.24149691666667, 1, 1
3.24149695833333, 0, 1
3.24149704166667, 1, 1
3.24149708333333, 0, 1
3.241497125, 1, 1
3.24149716666667, 0, 1
3.24149720833333, 1, 1
3.24149725, 0, 1
3.24149729166667, 1, 1
3.24149733333333, 0, 1
3.241497375, 1, 1
3.24149741666667, 0, 1
3.24149745833333, 1, 1
3.2414975, 0, 1
3.24149754166667, 1, 1
3.24149758333333, 0, 1
3.241497625, 1, 1
3.24149766666667, 0, 1
3.24149770833333, 1, 1
3.24149775, 0, 1
3.24149779166667, 1, 1
3.24149783333333, 0, 1
3.241497875, 1, 1
3.24149791666667, 0, 1
3.24149795833333, 1, 1
3.241498, 0, 1
3.24149808333333, 1, 1
3.241498125, 0, 1
3.24149816666667, 1, 1
3.24149820833333, 0, 1
3.24149825, 1, 1
3.24149829166667, 0, 1
3.24149833333333, 1, 1
3.241498375, 0, 1
3.24149841666667, 1, 1
3.24149845833333, 0, 1
3.2414985, 1, 1
3.24149854166667, 0, 1
3.24149858333333, 1, 1
3.241498625, 0, 1
3.24149866666667, 1, 1
3.24149870833333, 0, 1
3.24149875, 1, 1
3.24149879166667, 0, 1
3.24149883333333, 1, 1
3.241498875, 0, 1
3.24149891666667, 1, 1
3.24149895833333, 0, 1
3.24149904166667, 1, 1
3.24149908333333, 0, 1
3.241499125, 1, 1
3.24149916666667, 0, 1
3.24149920833333, 1, 1
3.24149925, 0, 1
3.24149929166667, 1, 1
3.24149933333333, 0, 1
3.241499375, 1, 1
3.24149941666667, 0, 1
3.24149945833333, 1, 1
3.2414995, 0, 1
3.24149954166667, 1, 1
3.24149958333333, 0, 1
3.241499625, 1, 1
3.24149966666667, 0, 1
3.24149970833333, 1, 1
3.24149975, 0, 1
3.24149979166667, 1, 1
3.24149983333333, 0, 1
3.241499875, 1, 1
3.24149991666667, 0, 1
3.24149995833333, 1, 1
3.2415, 0, 1
3.24150008333333, 1, 1
3.241500125, 0, 1
3.24150016666667, 1, 1
3.24150020833333, 0, 1
3.24150025, 1, 1
3.24150029166667, 0, 1
3.24150033333333, 1, 1
3.241500375, 0, 1
3.24150041666667, 1, 1
3.24150079166667, 0, 1
3.24355358333333, 1, 1
3.243553625, 0, 1
3.24355366666667, 1, 1
3.24355370833333, 0, 1
3.24355375, 1, 1
3.24355379166667, 0, 1
3.24355383333333, 1, 1
3.243553875, 0, 1
3.24355391666667, 1, 1
3.24355395833333, 0, 1
3.243554, 1, 1
3.24355404166667, 0, 1
3.243554125, 1, 1
3.24355416666667, 0, 1
3.24355420833333, 1, 1
3.24355425, 0, 1
3.24355429166667, 1, 1
3.24355433333333, 0, 1
3.243554375, 1, 1
3.24355441666667, 0, 1
3.24355445833333, 1, 1
3.2435545, 0, 1
3.24355454166667, 1, 1
3.24355458333333, 0, 1
3.243554625, 1, 1
3.24355466666667, 0, 1
3.24355470833333, 1, 1
3.24355475, 0, 1
3.24355479166667, 1, 1
3.24355483333333, 0, 1
3.243554875, 1, 1
3.24355491666667, 0, 1
3.24355495833333, 1, 1
3.243555, 0, 1
3.24355504166667, 1, 1
3.243555125, 0, 1
3.24355516666667, 1, 1
3.24355520833333, 0, 1
3.24355525, 1, 1
3.24355529166667, 0, 1
3.24355533333333, 1, 1
3.243555375, 0, 1
3.24355541666667, 1, 1
3.24355545833333, 0, 1
3.2435555, 1, 1
3.24355554166667, 0, 1
3.24355558333333, 1, 1
3.243555625, 0, 1
3.24355566666667, 1, 1
3.24355570833333, 0, 1
3.24355575, 1, 1
3.24355579166667, 0, 1
3.24355583333333, 1, 1
3.243555875, 0, 1
3.24355591666667, 1, 1
3.24355595833333, 0, 1
3.243556, 1, 1
3.24355604166667, 0, 1
3.243556125, 1, 1
3.24355616666667, 0, 1
3.24355620833333, 1, 1
3.24355625, 0, 1
3.24355629166667, 1, 1
3.24355633333333, 0, 1
3.243556375, 1, 1
3.24355641666667, 0, 1
3.24355645833333, 1, 1
3.2435565, 0, 1
3.24355654166667, 1, 1
3.24355658333333, 0, 1
3.243556625, 1, 1
3.24355666666667, 0, 1
3.24355670833333, 1, 1
3.24355675, 0, 1
3.24355679166667, 1, 1
3.24355683333333, 0, 1
3.243556875, 1, 1
3.24355691666667, 0, 1
3.24355695833333, 1, 1
3.243557, 0, 1
3.24355704166667, 1, 1
3.243557125, 0, 1
3.24355716666667, 1, 1
3.24355720833333, 0, 1
3.24355725, 1, 1
3.24355729166667, 0, 1
3.24355733333333, 1, 1
3.243557375, 0, 1
3.24355741666667, 1, 1
3.24355745833333, 0, 1
3.2435575, 1, 1
3.24355754166667, 0, 1
3.24355758333333, 1, 1
3.243557625, 0, 1
3.24355766666667, 1, 1
3.24355770833333, 0, 1
3.24355775, 1, 1
3.24355779166667, 0, 1
3.24355783333333, 1, 1
3.243557875, 0, 1
3.24355791666667, 1, 1
3.24355795833333, 0, 1
3.243558, 1, 1
3.24355804166667, 0, 1
3.243558125, 1, 1
3.24355816666667, 0, 1
3.24355820833333, 1, 1
3.24355825, 0, 1
3.24355829166667, 1, 1
3.24355833333333, 0, 1
3.243558375, 1, 1
3.24355841666667, 0, 1
3.24355845833333, 1, 1
3.2435585, 0, 1
3.24355854166667, 1, 1
3.24355858333333, 0, 1
3.243558625, 1, 1
3.24355866666667, 0, 1
3.24355870833333, 1, 1
3.24355875, 0, 1
3.24355879166667, 1, 1
3.24355883333333, 0, 1
3.243558875, 1, 1
3.24355891666667, 0, 1
3.24355895833333, 1, 1
3.24355929166667, 0, 1
3.65093095833333, 1, 1
3.65093116666667, 0, 1
3.65093133333333, 1, 1
3.65093154166667, 0, 1
3.65093175, 1, 1
3.65093195833333, 0, 1
3.65093216666667, 1, 1
3.65093233333333, 0, 1
3.65093254166667, 1, 1
3.65093275, 0, 1
3.65093295833333, 1, 1
3.65093316666667, 0, 1
3.65093333333333, 1, 1
3.65093354166667, 0, 1
3.65093375, 1, 1
3.65093395833333, 0, 1
3.65093416666667, 1, 1
3.65093433333333, 0, 1
3.65093454166667, 1, 1
3.65093475, 0, 1
3.65093495833333, 1, 1
3.65093516666667, 0, 1
3.65093533333333, 1, 1
3.65093554166667, 0, 1
3.65093575, 1, 1
3.65093595833333, 0, 1
3.65093616666667, 1, 1
3.65093633333333, 0, 1
3.65093654166667, 1, 1
3.65093675, 0, 1
3.65093695833333, 1, 1
3.65093716666667, 0, 1
3.65093733333333, 1, 1
3.65093754166667, 0, 1
3.65093775, 1, 1
3.65093795833333, 0, 1
3.65093816666667, 1, 1
3.65093833333333, 0, 1
3.65093854166667, 1, 1
3.65093875, 0, 1
3.65093895833333, 1, 1
3.65093916666667, 0, 1
3.65093933333333, 1, 1
3.65093954166667, 0, 1
3.65093975, 1, 1
3.65093995833333, 0, 1
3.65094016666667, 1, 1
3.65094033333333, 0, 1
3.65094054166667, 1, 1
3.65094075, 0, 1
3.65094095833333, 1, 1
3.65094116666667, 0, 1
3.65094133333333, 1, 1
3.65094154166667, 0, 1
3.65094175, 1, 1
3.65094195833333, 0, 1
3.65094216666667, 1, 1
3.65094233333333, 0, 1
3.65094254166667, 1, 1
3.65094275, 0, 1
3.65094295833333, 1, 1
3.65094316666667, 0, 1
3.65094333333333, 1, 1
3.65094354166667, 0, 1
3.65094375, 1, 1
3.65094395833333, 0, 1
3.65094416666667, 1, 1
3.65094425, 1, 0
3.65094433333333, 0, 0
3.65094454166667, 1, 0
3.650944625, 1, 1
3.65094475, 0, 1
3.65094495833333, 1, 1
3.65094504166667, 1, 0
3.65094516666667, 0, 0
3.65094533333333, 1, 0
3.65094541666667, 1, 1
3.65094554166667, 0, 1
3.65094575, 1, 1
3.65094595833333, 0, 1
3.65094616666667, 1, 1
3.65094633333333, 0, 1
3.65094654166667, 1, 1
3.65094675, 0, 1
3.65094695833333, 1, 1
3.65094716666667, 0, 1
3.65094733333333, 1, 1
3.65094741666667, 1, 0
3.65094754166667, 0, 0
3.65094775, 1, 0
3.65094783333333, 1, 1
3.65094795833333, 0, 1
3.65094816666667, 1, 1
3.65094825, 1, 0
3.65094833333333, 0, 0
3.65094854166667, 1, 0
3.65094875, 0, 0
3.65094895833333, 1, 0
3.65094916666667, 0, 0
3.65094933333333, 1, 0
3.65094954166667, 0, 0
3.65094975, 1, 0
3.65094983333333, 1, 1
3.65094995833333, 0, 1
3.65095016666667, 1, 1
3.65095025, 1, 0
3.65095033333333, 0, 0
3.65095054166667, 1, 0
3.65095075, 0, 0
3.65095095833333, 1, 0
3.65095116666667, 0, 0
3.65095133333333, 1, 0
3.65095154166667, 0, 0
3.65095175, 1, 0
3.65095195833333, 0, 0
3.65095216666667, 1, 0
3.65095233333333, 0, 0
3.65095254166667, 1, 0
3.650952625, 1, 1
3.65095275, 0, 1
3.65095295833333, 1, 1
3.65095304166667, 1, 0
3.65095316666667, 0, 0
3.65095333333333, 1, 0
3.65095341666667, 1, 1
3.65095354166667, 0, 1
3.65095375, 1, 1
3.65095383333333, 1, 0
3.65095395833333, 0, 0
3.65095416666667, 1, 0
3.65095433333333, 0, 0
3.65095454166667, 1, 0
3.65095475, 0, 0
3.65095495833333, 1, 0
3.65095516666667, 0, 0
3.65095533333333, 1, 0
3.65095554166667, 0, 0
3.65095575, 1, 0
3.65095595833333, 0, 0
3.65095616666667, 1, 0
3.65095633333333, 0, 0
3.65095654166667, 1, 0
3.650956625, 1, 1
3.65095675, 0, 1
3.65095695833333, 1, 1
3.65095716666667, 0, 1
3.65095733333333, 1, 1
3.65095754166667, 0, 1
3.65287308333333, 1, 1
3.65287325, 0, 1
3.65287345833333, 1, 1
3.65287366666667, 0, 1
3.652873875, 1, 1
3.65287408333333, 0, 1
3.65287425, 1, 1
3.65287445833333, 0, 1
3.65287466666667, 1, 1
3.652874875, 0, 1
3.65287508333333, 1, 1
3.65287525, 0, 1
3.65287545833333, 1, 1
3.65287566666667, 0, 1
3.652875875, 1, 1
3.65287608333333, 0, 1
3.65287625, 1, 1
3.65287645833333, 0, 1
3.65287666666667, 1, 1
3.652876875, 0, 1
3.65287708333333, 1, 1
3.65287725, 0, 1
3.65287745833333, 1, 1
3.65287766666667, 0, 1
3.652877875, 1, 1
3.65287808333333, 0, 1
3.65287825, 1, 1
3.65287845833333, 0, 1
3.65287866666667, 1, 1
3.652878875, 0, 1
3.65287908333333, 1, 1
3.65287925, 0, 1
3.65287945833333, 1, 1
3.65287966666667, 0, 1
3.652879875, 1, 1
3.65288008333333, 0, 1
3.65288025, 1, 1
3.65288045833333, 0, 1
3.65288066666667, 1, 1
3.652880875, 0, 1
3.65288108333333, 1, 1
3.65288125, 0, 1
3.65288145833333, 1, 1
3.65288166666667, 0, 1
3.652881875, 1, 1
3.65288208333333, 0, 1
3.65288225, 1, 1
3.65288245833333, 0, 1
3.65288266666667, 1, 1
3.652882875, 0, 1
3.65288308333333, 1, 1
3.65288325, 0, 1
3.65288345833333, 1, 1
3.65288366666667, 0, 1
3.652883875, 1, 1
3.65288408333333, 0, 1
3.65288425, 1, 1
3.65288445833333, 0, 1
3.65288466666667, 1, 1
3.652884875, 0, 1
3.65288508333333, 1, 1
3.65288525, 0, 1
3.65288545833333, 1, 1
3.65288566666667, 0, 1
3.652885875, 1, 1
3.65288595833333, 1, 0
3.65288608333333, 0, 0
3.65288625, 1, 0
3.65288633333333, 1, 1
3.65288645833333, 0, 1
3.65288666666667, 1, 1
3.65288675, 1, 0
3.652886875, 0, 0
3.65288708333333, 1, 0
3.652887125, 1, 1
3.65288725, 0, 1
3.65288745833333, 1, 1
3.65288766666667, 0, 1
3.652887875, 1, 1
3.65288808333333, 0, 1
3.65288825, 1, 1
3.65288845833333, 0, 1
3.65288866666667, 1, 1
3.652888875, 0, 1
3.65288908333333, 1, 1
3.65288916666667, 1, 0
3.65288925, 0, 0
3.65288945833333, 1, 0
3.65288954166667, 1, 1
3.65288966666667, 0, 1
3.652889875, 1, 1
3.65288995833333, 1, 0
3.65289008333333, 0, 0
3.65289025, 1, 0
3.65289045833333, 0, 0
3.65289066666667, 1, 0
3.652890875, 0, 0
3.65289108333333, 1, 0
3.652891125, 1, 1
3.65289125, 0, 1
3.65289145833333, 1, 1
3.65289166666667, 0, 1
3.652891875, 1, 1
3.65289195833333, 1, 0
3.65289208333333, 0, 0
3.65289225, 1, 0
3.65289245833333, 0, 0
3.65289266666667, 1, 0
3.652892875, 0, 0
3.65289308333333, 1, 0
3.652893125, 1, 1
3.65289325, 0, 1
3.65289345833333, 1, 1
3.65289366666667, 0, 1
3.652893875, 1, 1
3.65289395833333, 1, 0
3.65289408333333, 0, 0
3.65289425, 1, 0
3.65289445833333, 0, 0
3.65289466666667, 1, 0
3.65289475, 1, 1
3.652894875, 0, 1
3.65289508333333, 1, 1
3.65289516666667, 1, 0
3.65289525, 0, 0
3.65289545833333, 1, 0
3.65289566666667, 0, 0
3.652895875, 1, 0
3.65289608333333, 0, 0
3.65289625, 1, 0
3.65289645833333, 0, 0
3.65289666666667, 1, 0
3.652896875, 0, 0
3.65289708333333, 1, 0
3.65289725, 0, 0
3.65289745833333, 1, 0
3.65289766666667, 0, 0
3.652897875, 1, 0
3.65289795833333, 1, 1
3.65289808333333, 0, 1
3.65289825, 1, 1
3.65289833333333, 1, 0
3.65289845833333, 0, 0
3.65289866666667, 1, 0
3.65289875, 1, 1
3.652898875, 0, 1
3.65289908333333, 1, 1
3.65289925, 0, 1
3.65451195833333, 1, 1
3.65451216666667, 0, 1
3.654512375, 1, 1
3.65451254166667, 0, 1
3.65451275, 1, 1
3.65451295833333, 0, 1
3.65451316666667, 1, 1
3.654513375, 0, 1
3.65451358333333, 1, 1
3.65451375, 0, 1
3.65451395833333, 1, 1
3.65451416666667, 0, 1
3.654514375, 1, 1
3.65451458333333, 0, 1
3.65451475, 1, 1
3.65451495833333, 0, 1
3.65451516666667, 1, 1
3.654515375, 0, 1
3.65451558333333, 1, 1
3.65451575, 0, 1
3.65451595833333, 1, 1
3.65451616666667, 0, 1
3.654516375, 1, 1
3.65451658333333, 0, 1
3.65451675, 1, 1
3.65451695833333, 0, 1
3.65451716666667, 1, 1
3.654517375, 0, 1
3.65451758333333, 1, 1
3.65451775, 0, 1
3.65451795833333, 1, 1
3.65451816666667, 0, 1
3.654518375, 1, 1
3.65451858333333, 0, 1
3.65451875, 1, 1
3.65451895833333, 0, 1
3.65451916666667, 1, 1
3.654519375, 0, 1
3.65451958333333, 1, 1
3.65451975, 0, 1
3.65451995833333, 1, 1
3.65452016666667, 0, 1
3.654520375, 1, 1
3.65452058333333, 0, 1
3.65452075, 1, 1
3.65452095833333, 0, 1
3.65452116666667, 1, 1
3.654521375, 0, 1
3.65452158333333, 1, 1
3.65452175, 0, 1
3.65452195833333, 1, 1
3.65452216666667, 0, 1
3.654522375, 1, 1
3.65452258333333, 0, 1
3.65452275, 1, 1
3.65452295833333, 0, 1
3.65452316666667, 1, 1
3.654523375, 0, 1
3.65452358333333, 1, 1
3.65452375, 0, 1
3.65452395833333, 1, 1
3.65452416666667, 0, 1
3.654524375, 1, 1
3.65452458333333, 0, 1
3.65452475, 1, 1
3.65452495833333, 0, 1
3.65452516666667, 1, 1
3.65452525, 1, 0
3.654525375, 0, 0
3.65452558333333, 1, 0
3.654525625, 1, 1
3.65452575, 0, 1
3.65452595833333, 1, 1
3.65452616666667, 0, 1
3.654526375, 1, 1
3.65452645833333, 1, 0
3.65452658333333, 0, 0
3.65452675, 1, 0
3.65452683333333, 1, 1
3.65452695833333, 0, 1
3.65452716666667, 1, 1
3.654527375, 0, 1
3.65452758333333, 1, 1
3.65452775, 0, 1
3.65452795833333, 1, 1
3.65452816666667, 0, 1
3.654528375, 1, 1
3.65452845833333, 1, 0
3.65452858333333, 0, 0
3.65452875, 1, 0
3.65452883333333, 1, 1
3.65452895833333, 0, 1
3.65452916666667, 1, 1
3.65452925, 1, 0
3.654529375, 0, 0
3.65452958333333, 1, 0
3.65452975, 0, 0
3.65452995833333, 1, 0
3.65453016666667, 0, 0
3.654530375, 1, 0
3.65453045833333, 1, 1
3.65453058333333, 0, 1
3.65453075, 1, 1
3.65453095833333, 0, 1
3.65453116666667, 1, 1
3.654531375, 0, 1
3.65453158333333, 1, 0
3.65453175, 0, 0
3.65453195833333, 1, 0
3.65453216666667, 0, 0
3.654532375, 1, 1
3.65453258333333, 0, 1
3.65453275, 1, 1
3.65453295833333, 0, 1
3.65453316666667, 1, 0
3.654533375, 0, 0
3.65453358333333, 1, 0
3.65453375, 0, 0
3.65453395833333, 1, 1
3.65453416666667, 0, 1
3.654534375, 1, 0
3.65453458333333, 0, 0
3.65453475, 1, 0
3.65453495833333, 0, 0
3.65453516666667, 1, 0
3.654535375, 0, 0
3.65453558333333, 1, 0
3.65453575, 0, 0
3.65453595833333, 1, 0
3.65453616666667, 0, 0
3.654536375, 1, 0
3.65453658333333, 0, 0
3.65453675, 1, 0
3.65453695833333, 0, 0
3.65453716666667, 1, 0
3.654537375, 0, 0
3.65453758333333, 1, 0
3.65453775, 0, 0
3.65453795833333, 1, 0
3.654538, 1, 1
3.65453816666667, 0, 1
3.654538375, 1, 1
3.65453858333333, 0, 1
3.65650766666667, 1, 1
3.656507875, 0, 1
3.65650808333333, 1, 1
3.65650829166667, 0, 1
3.6565085, 1, 1
3.65650866666667, 0, 1
3.656508875, 1, 1
3.65650908333333, 0, 1
3.65650929166667, 1, 1
3.6565095, 0, 1
3.65650966666667, 1, 1
3.656509875, 0, 1
3.65651008333333, 1, 1
3.65651029166667, 0, 1
3.6565105, 1, 1
3.65651066666667, 0, 1
3.656510875, 1, 1
3.65651108333333, 0, 1
3.65651129166667, 1, 1
3.6565115, 0, 1
3.65651166666667, 1, 1
3.656511875, 0, 1
3.65651208333333, 1, 1
3.65651229166667, 0, 1
3.6565125, 1, 1
3.65651266666667, 0, 1
3.656512875, 1, 1
3.65651308333333, 0, 1
3.65651329166667, 1, 1
3.6565135, 0, 1
3.65651366666667, 1, 1
3.656513875, 0, 1
3.65651408333333, 1, 1
3.65651429166667, 0, 1
3.6565145, 1, 1
3.65651466666667, 0, 1
3.656514875, 1, 1
3.65651508333333, 0, 1
3.65651529166667, 1, 1
3.6565155, 0, 1
3.65651566666667, 1, 1
3.656515875, 0, 1
3.65651608333333, 1, 1
3.65651629166667, 0, 1
3.6565165, 1, 1
3.65651666666667, 0, 1
3.656516875, 1, 1
3.65651708333333, 0, 1
3.65651729166667, 1, 1
3.6565175, 0, 1
3.65651766666667, 1, 1
3.656517875, 0, 1
3.65651808333333, 1, 1
3.65651829166667, 0, 1
3.6565185, 1, 1
3.65651866666667, 0, 1
3.656518875, 1, 1
3.65651908333333, 0, 1
3.65651929166667, 1, 1
3.6565195, 0, 1
3.65651966666667, 1, 1
3.656519875, 0, 1
3.65652008333333, 1, 1
3.65652029166667, 0, 1
3.6565205, 1, 1
3.65652066666667, 0, 1
3.656520875, 1, 1
3.65652095833333, 1, 0
3.65652108333333, 0, 0
3.65652129166667, 1, 0
3.656521375, 1, 1
3.6565215, 0, 1
3.65652166666667, 1, 1
3.656521875, 0, 1
3.65652208333333, 1, 1
3.65652216666667, 1, 0
3.65652229166667, 0, 0
3.6565225, 1, 0
3.65652254166667, 1, 1
3.65652266666667, 0, 1
3.656522875, 1, 1
3.65652308333333, 0, 1
3.65652329166667, 1, 1
3.6565235, 0, 1
3.65652366666667, 1, 1
3.656523875, 0, 1
3.65652408333333, 1, 1
3.65652416666667, 1, 0
3.65652429166667, 0, 0
3.6565245, 1, 0
3.65652454166667, 1, 1
3.65652466666667, 0, 1
3.656524875, 1, 1
3.65652508333333, 0, 1
3.65652529166667, 1, 1
3.656525375, 1, 0
3.6565255, 0, 0
3.65652566666667, 1, 0
3.656525875, 0, 0
3.65652608333333, 1, 0
3.65652629166667, 0, 0
3.6565265, 1, 1
3.65652666666667, 0, 1
3.656526875, 1, 1
3.65652708333333, 0, 1
3.65652729166667, 1, 0
3.6565275, 0, 0
3.65652766666667, 1, 0
3.656527875, 0, 0
3.65652808333333, 1, 0
3.65652829166667, 0, 0
3.6565285, 1, 0
3.65652866666667, 0, 0
3.656528875, 1, 0
3.65652908333333, 0, 0
3.65652929166667, 1, 0
3.6565295, 0, 0
3.65652966666667, 1, 0
3.656529875, 0, 0
3.65653008333333, 1, 0
3.65653029166667, 0, 0
3.6565305, 1, 0
3.65653066666667, 0, 0
3.656530875, 1, 0
3.65653108333333, 0, 0
3.65653129166667, 1, 0
3.6565315, 0, 0
3.65653166666667, 1, 0
3.656531875, 0, 0
3.65653208333333, 1, 0
3.65653229166667, 0, 0
3.6565325, 1, 0
3.65653266666667, 0, 0
3.656532875, 1, 0
3.65653308333333, 0, 0
3.65653329166667, 1, 0
3.6565335, 0, 0
3.65653366666667, 1, 0
3.65653375, 1, 1
3.656533875, 0, 1
3.65653408333333, 1, 1
3.65653429166667, 0, 1
4.24562004166667, 1, 1
4.24562008333333, 0, 1
4.24562016666667, 1, 1
4.24562020833333, 0, 1
4.24562025, 1, 1
4.24562029166667, 0, 1
4.24562033333333, 1, 1
4.245620375, 0, 1
4.24562041666667, 1, 1
4.24562045833333, 0, 1
4.2456205, 1, 1
4.24562054166667, 0, 1
4.24562058333333, 1, 1
4.245620625, 0, 1
4.24562066666667, 1, 1
4.24562070833333, 0, 1
4.24562075, 1, 1
4.24562079166667, 0, 1
4.24562083333333, 1, 1
4.245620875, 0, 1
4.24562091666667, 1, 1
4.24562095833333, 0, 1
4.245621, 1, 1
4.24562104166667, 0, 1
4.24562108333333, 1, 1
4.24562116666667, 0, 1
4.24562120833333, 1, 1
4.24562125, 0, 1
4.24562129166667, 1, 1
4.24562133333333, 0, 1
4.245621375, 1, 1
4.24562141666667, 0, 1
4.24562145833333, 1, 1
4.2456215, 0, 1
4.24562154166667, 1, 1
4.24562158333333, 0, 1
4.245621625, 1, 1
4.24562166666667, 0, 1
4.24562170833333, 1, 1
4.24562175, 0, 1
4.24562179166667, 1, 1
4.24562183333333, 0, 1
4.245621875, 1, 1
4.24562191666667, 0, 1
4.24562195833333, 1, 1
4.245622, 0, 1
4.24562204166667, 1, 1
4.24562208333333, 0, 1
4.24562216666667, 1, 1
4.24562220833333, 0, 1
4.24562225, 1, 1
4.24562229166667, 0, 1
4.24562233333333, 1, 1
4.245622375, 0, 1
4.24562241666667, 1, 1
4.24562245833333, 0, 1
4.2456225, 1, 1
4.24562254166667, 0, 1
4.24562258333333, 1, 1
4.245622625, 0, 1
4.24562266666667, 1, 1
4.24562270833333, 0, 1
4.24562275, 1, 1
4.24562279166667, 0, 1
4.24562283333333, 1, 1
4.245622875, 0, 1
4.24562291666667, 1, 1
4.24562295833333, 0, 1
4.245623, 1, 1
4.24562304166667, 0, 1
4.24562308333333, 1, 1
4.24562316666667, 0, 1
4.24562320833333, 1, 1
4.24562325, 0, 1
4.24562329166667, 1, 1
4.24562333333333, 0, 1
4.245623375, 1, 1
4.24562341666667, 0, 1
4.24562345833333, 1, 1
4.2456235, 0, 1
4.24562354166667, 1, 1
4.24562358333333, 0, 1
4.245623625, 1, 1
4.24562366666667, 0, 1
4.24562370833333, 1, 1
4.24562375, 0, 1
4.24562379166667, 1, 1
4.24562383333333, 0, 1
4.245623875, 1, 1
4.24562391666667, 0, 1
4.24562395833333, 1, 1
4.245624, 0, 1
4.24562404166667, 1, 1
4.24562408333333, 0, 1
4.24562416666667, 1, 1
4.24562420833333, 0, 1
4.24562425, 1, 1
4.24562429166667, 0, 1
4.24562433333333, 1, 1
4.245624375, 0, 1
4.24562441666667, 1, 1
4.24562445833333, 0, 1
4.2456245, 1, 1
4.24562454166667, 0, 1
4.24562458333333, 1, 1
4.245624625, 0, 1
4.24562466666667, 1, 1
4.24562470833333, 0, 1
4.24562475, 1, 1
4.24562479166667, 0, 1
4.24562483333333, 1, 1
4.245624875, 0, 1
4.24562491666667, 1, 1
4.24562495833333, 0, 1
4.245625, 1, 1
4.24562504166667, 0, 1
4.24562508333333, 1, 1
4.24562516666667, 0, 1
4.24562520833333, 1, 1
4.24562525, 0, 1
4.24562529166667, 1, 1
4.24562533333333, 0, 1
4.245625375, 1, 1
4.24562575, 0, 1
4.24754358333333, 1, 1
4.247543625, 0, 1
4.24754366666667, 1, 1
4.24754370833333, 0, 1
4.24754375, 1, 1
4.24754379166667, 0, 1
4.24754383333333, 1, 1
4.247543875, 0, 1
4.24754391666667, 1, 1
4.24754395833333, 0, 1
4.24754404166667, 1, 1
4.24754408333333, 0, 1
4.247544125, 1, 1
4.24754416666667, 0, 1
4.24754420833333, 1, 1
4.24754425, 0, 1
4.24754429166667, 1, 1
4.24754433333333, 0, 1
4.247544375, 1, 1
4.24754441666667, 0, 1
4.24754445833333, 1, 1
4.2475445, 0, 1
4.24754454166667, 1, 1
4.24754458333333, 0, 1
4.247544625, 1, 1
4.24754466666667, 0, 1
4.24754470833333, 1, 1
4.24754475, 0, 1
4.24754479166667, 1, 1
4.24754483333333, 0, 1
4.247544875, 1, 1
4.24754491666667, 0, 1
4.24754495833333, 1, 1
4.24754504166667, 0, 1
4.24754508333333, 1, 1
4.247545125, 0, 1
4.24754516666667, 1, 1
4.24754520833333, 0, 1
4.24754525, 1, 1
4.24754529166667, 0, 1
4.24754533333333, 1, 1
4.247545375, 0, 1
4.24754541666667, 1, 1
4.24754545833333, 0, 1
4.2475455, 1, 1
4.24754554166667, 0, 1
4.24754558333333, 1, 1
4.247545625, 0, 1
4.24754566666667, 1, 1
4.24754570833333, 0, 1
4.24754575, 1, 1
4.24754579166667, 0, 1
4.24754583333333, 1, 1
4.247545875, 0, 1
4.24754591666667, 1, 1
4.24754595833333, 0, 1
4.24754604166667, 1, 1
4.24754608333333, 0, 1
4.247546125, 1, 1
4.24754616666667, 0, 1
4.24754620833333, 1, 1
4.24754625, 0, 1
4.24754629166667, 1, 1
4.24754633333333, 0, 1
4.247546375, 1, 1
4.24754641666667, 0, 1
4.24754645833333, 1, 1
4.2475465, 0, 1
4.24754654166667, 1, 1
4.24754658333333, 0, 1
4.247546625, 1, 1
4.24754666666667, 0, 1
4.24754670833333, 1, 1
4.24754675, 0, 1
4.24754679166667, 1, 1
4.24754683333333, 0, 1
4.247546875, 1, 1
4.24754691666667, 0, 1
4.24754695833333, 1, 1
4.24754704166667, 0, 1
4.24754708333333, 1, 1
4.247547125, 0, 1
4.24754716666667, 1, 1
4.24754720833333, 0, 1
4.24754725, 1, 1
4.24754729166667, 0, 1
4.24754733333333, 1, 1
4.247547375, 0, 1
4.24754741666667, 1, 1
4.24754745833333, 0, 1
4.2475475, 1, 1
4.24754754166667, 0, 1
4.24754758333333, 1, 1
4.247547625, 0, 1
4.24754766666667, 1, 1
4.24754770833333, 0, 1
4.24754775, 1, 1
4.24754779166667, 0, 1
4.24754783333333, 1, 1
4.247547875, 0, 1
4.24754791666667, 1, 1
4.24754795833333, 0, 1
4.24754804166667, 1, 1
4.24754808333333, 0, 1
4.247548125, 1, 1
4.24754816666667, 0, 1
4.24754820833333, 1, 1
4.24754825, 0, 1
4.24754829166667, 1, 1
4.24754833333333, 0, 1
4.247548375, 1, 1
4.24754841666667, 0, 1
4.24754845833333, 1, 1
4.2475485, 0, 1
4.24754854166667, 1, 1
4.24754858333333, 0, 1
4.247548625, 1, 1
4.24754866666667, 0, 1
4.24754870833333, 1, 1
4.24754875, 0, 1
4.24754879166667, 1, 1
4.24754883333333, 0, 1
4.247548875, 1, 1
4.24754920833333, 0, 1
5.24960954166667, 1, 1
5.24960958333333, 0, 1
5.24960966666667, 1, 1
5.24960970833333, 0, 1
5.24960975, 1, 1
5.24960979166667, 0, 1
5.24960983333333, 1, 1
5.249609875, 0, 1
5.24960991666667, 1, 1
5.24960995833333, 0, 1
5.24961, 1, 1
5.24961004166667, 0, 1
5.24961008333333, 1, 1
5.249610125, 0, 1
5.24961016666667, 1, 1
5.24961020833333, 0, 1
5.24961025, 1, 1
5.24961029166667, 0, 1
5.24961033333333, 1, 1
5.249610375, 0, 1
5.24961041666667, 1, 1
5.24961045833333, 0, 1
5.2496105, 1, 1
5.24961054166667, 0, 1
5.24961058333333, 1, 1
5.24961066666667, 0, 1
5.24961070833333, 1, 1
5.24961075, 0, 1
5.24961079166667, 1, 1
5.24961083333333, 0, 1
5.249610875, 1, 1
5.24961091666667, 0, 1
5.24961095833333, 1, 1
5.249611, 0, 1
5.24961104166667, 1, 1
5.24961108333333, 0, 1
5.249611125, 1, 1
5.24961116666667, 0, 1
5.24961120833333, 1, 1
5.24961125, 0, 1
5.24961129166667, 1, 1
5.24961133333333, 0, 1
5.249611375, 1, 1
5.24961141666667, 0, 1
5.24961145833333, 1, 1
5.2496115, 0, 1
5.24961154166667, 1, 1
5.24961158333333, 0, 1
5.24961166666667, 1, 1
5.24961170833333, 0, 1
5.24961175, 1, 1
5.24961179166667, 0, 1
5.24961183333333, 1, 1
5.249611875, 0, 1
5.24961191666667, 1, 1
5.24961195833333, 0, 1
5.249612, 1, 1
5.24961204166667, 0, 1
5.24961208333333, 1, 1
5.249612125, 0, 1
5.24961216666667, 1, 1
5.24961220833333, 0, 1
5.24961225, 1, 1
5.24961229166667, 0, 1
5.24961233333333, 1, 1
5.249612375, 0, 1
5.24961241666667, 1, 1
5.24961245833333, 0, 1
5.2496125, 1, 1
5.24961254166667, 0, 1
5.24961258333333, 1, 1
5.24961266666667, 0, 1
5.24961270833333, 1, 1
5.24961275, 0, 1
5.24961279166667, 1, 1
5.24961283333333, 0, 1
5.249612875, 1, 1
5.24961291666667, 0, 1
5.24961295833333, 1, 1
5.249613, 0, 1
5.24961304166667, 1, 1
5.24961308333333, 0, 1
5.249613125, 1, 1
5.24961316666667, 0, 1
5.24961320833333, 1, 1
5.24961325, 0, 1
5.24961329166667, 1, 1
5.24961333333333, 0, 1
5.249613375, 1, 1
5.24961341666667, 0, 1
5.24961345833333, 1, 1
5.2496135, 0, 1
5.24961354166667, 1, 1
5.24961358333333, 0, 1
5.24961366666667, 1, 1
5.24961370833333, 0, 1
5.24961375, 1, 1
5.24961379166667, 0, 1
5.24961383333333, 1, 1
5.249613875, 0, 1
5.24961391666667, 1, 1
5.24961395833333, 0, 1
5.249614, 1, 1
5.24961404166667, 0, 1
5.24961408333333, 1, 1
5.249614125, 0, 1
5.24961416666667, 1, 1
5.24961420833333, 0, 1
5.24961425, 1, 1
5.24961429166667, 0, 1
5.24961433333333, 1, 1
5.249614375, 0, 1
5.24961441666667, 1, 1
5.24961445833333, 0, 1
5.2496145, 1, 1
5.24961454166667, 0, 1
5.24961458333333, 1, 1
5.24961466666667, 0, 1
5.24961470833333, 1, 1
5.24961475, 0, 1
5.24961479166667, 1, 1
5.24961483333333, 0, 1
5.249614875, 1, 1
5.24961525, 0, 1
5.25160725, 1, 1
5.25160729166667, 0, 1
5.25160733333333, 1, 1
5.251607375, 0, 1
5.25160741666667, 1, 1
5.25160745833333, 0, 1
5.2516075, 1, 1
5.25160754166667, 0, 1
5.251607625, 1, 1
5.25160766666667, 0, 1
5.25160770833333, 1, 1
5.25160775, 0, 1
5.25160779166667, 1, 1
5.25160783333333, 0, 1
5.251607875, 1, 1
5.25160791666667, 0, 1
5.25160795833333, 1, 1
5.251608, 0, 1
5.25160804166667, 1, 1
5.25160808333333, 0, 1
5.251608125, 1, 1
5.25160816666667, 0, 1
5.25160820833333, 1, 1
5.25160825, 0, 1
5.25160829166667, 1, 1
5.25160833333333, 0, 1
5.251608375, 1, 1
5.25160841666667, 0, 1
5.25160845833333, 1, 1
5.2516085, 0, 1
5.25160854166667, 1, 1
5.25160858333333, 0, 1
5.25160866666667, 1, 1
5.25160870833333, 0, 1
5.25160875, 1, 1
5.25160879166667, 0, 1
5.25160883333333, 1, 1
5.251608875, 0, 1
5.25160891666667, 1, 1
5.25160895833333, 0, 1
5.251609, 1, 1
5.25160904166667, 0, 1
5.25160908333333, 1, 1
5.251609125, 0, 1
5.25160916666667, 1, 1
5.25160920833333, 0, 1
5.25160925, 1, 1
5.25160929166667, 0, 1
5.25160933333333, 1, 1
5.251609375, 0, 1
5.25160941666667, 1, 1
5.25160945833333, 0, 1
5.2516095, 1, 1
5.25160954166667, 0, 1
5.251609625, 1, 1
5.25160966666667, 0, 1
5.25160970833333, 1, 1
5.25160975, 0, 1
5.25160979166667, 1, 1
5.25160983333333, 0, 1
5.251609875, 1, 1
5.25160991666667, 0, 1
5.25160995833333, 1, 1
5.25161, 0, 1
5.25161004166667, 1, 1
5.25161008333333, 0, 1
5.251610125, 1, 1
5.25161016666667, 0, 1
5.25161020833333, 1, 1
5.25161025, 0, 1
5.25161029166667, 1, 1
5.25161033333333, 0, 1
5.251610375, 1, 1
5.25161041666667, 0, 1
5.25161045833333, 1, 1
5.2516105, 0, 1
5.25161054166667, 1, 1
5.25161058333333, 0, 1
5.25161066666667, 1, 1
5.25161070833333, 0, 1
5.25161075, 1, 1
5.25161079166667, 0, 1
5.25161083333333, 1, 1
5.251610875, 0, 1
5.25161091666667, 1, 1
5.25161095833333, 0, 1
5.251611, 1, 1
5.25161104166667, 0, 1
5.25161108333333, 1, 1
5.251611125, 0, 1
5.25161116666667, 1, 1
5.25161120833333, 0, 1
5.25161125, 1, 1
5.25161129166667, 0, 1
5.25161133333333, 1, 1
5.251611375, 0, 1
5.25161141666667, 1, 1
5.25161145833333, 0, 1
5.2516115, 1, 1
5.25161154166667, 0, 1
5.25161158333333, 1, 1
5.25161166666667, 0, 1
5.25161170833333, 1, 1
5.25161175, 0, 1
5.25161179166667, 1, 1
5.25161183333333, 0, 1
5.251611875, 1, 1
5.25161191666667, 0, 1
5.25161195833333, 1, 1
5.251612, 0, 1
5.25161204166667, 1, 1
5.25161208333333, 0, 1
5.251612125, 1, 1
5.25161216666667, 0, 1
5.25161220833333, 1, 1
5.25161225, 0, 1
5.25161229166667, 1, 1
5.25161233333333, 0, 1
5.251612375, 1, 1
5.25161241666667, 0, 1
5.25161245833333, 1, 1
5.2516125, 0, 1
5.25161254166667, 1, 1
5.25161258333333, 0, 1
5.251612625, 1, 1
5.25161295833333, 0, 1
6.25367529166667, 1, 1
6.25367533333333, 0, 1
6.253675375, 1, 1
6.25367541666667, 0, 1
6.25367545833333, 1, 1
6.2536755, 0, 1
6.25367554166667, 1, 1
6.25367558333333, 0, 1
6.253675625, 1, 1
6.25367566666667, 0, 1
6.25367570833333, 1, 1
6.25367575, 0, 1
6.25367579166667, 1, 1
6.253675875, 0, 1
6.25367591666667, 1, 1
6.25367595833333, 0, 1
6.253676, 1, 1
6.25367604166667, 0, 1
6.25367608333333, 1, 1
6.253676125, 0, 1
6.25367616666667, 1, 1
6.25367620833333, 0, 1
6.25367625, 1, 1
6.25367629166667, 0, 1
6.25367633333333, 1, 1
6.253676375, 0, 1
6.25367641666667, 1, 1
6.25367645833333, 0, 1
6.2536765, 1, 1
6.25367654166667, 0, 1
6.25367658333333, 1, 1
6.253676625, 0, 1
6.25367666666667, 1, 1
6.25367670833333, 0, 1
6.25367675, 1, 1
6.25367679166667, 0, 1
6.253676875, 1, 1
6.25367691666667, 0, 1
6.25367695833333, 1, 1
6.253677, 0, 1
6.25367704166667, 1, 1
6.25367708333333, 0, 1
6.253677125, 1, 1
6.25367716666667, 0, 1
6.25367720833333, 1, 1
6.25367725, 0, 1
6.25367729166667, 1, 1
6.25367733333333, 0, 1
6.253677375, 1, 1
6.25367741666667, 0, 1
6.25367745833333, 1, 1
6.2536775, 0, 1
6.25367754166667, 1, 1
6.25367758333333, 0, 1
6.253677625, 1, 1
6.25367766666667, 0, 1
6.25367770833333, 1, 1
6.25367775, 0, 1
6.25367779166667, 1, 1
6.253677875, 0, 1
6.25367791666667, 1, 1
6.25367795833333, 0, 1
6.253678, 1, 1
6.25367804166667, 0, 1
6.25367808333333, 1, 1
6.253678125, 0, 1
6.25367816666667, 1, 1
6.25367820833333, 0, 1
6.25367825, 1, 1
6.25367829166667, 0, 1
6.25367833333333, 1, 1
6.253678375, 0, 1
6.25367841666667, 1, 1
6.25367845833333, 0, 1
6.2536785, 1, 1
6.25367854166667, 0, 1
6.25367858333333, 1, 1
6.253678625, 0, 1
6.25367866666667, 1, 1
6.25367870833333, 0, 1
6.25367875, 1, 1
6.25367879166667, 0, 1
6.253678875, 1, 1
6.25367891666667, 0, 1
6.25367895833333, 1, 1
6.253679, 0, 1
6.25367904166667, 1, 1
6.25367908333333, 0, 1
6.253679125, 1, 1
6.25367916666667, 0, 1
6.25367920833333, 1, 1
6.25367925, 0, 1
6.25367929166667, 1, 1
6.25367933333333, 0, 1
6.253679375, 1, 1
6.25367941666667, 0, 1
6.25367945833333, 1, 1
6.2536795, 0, 1
6.25367954166667, 1, 1
6.25367958333333, 0, 1
6.253679625, 1, 1
6.25367966666667, 0, 1
6.25367970833333, 1, 1
6.25367975, 0, 1
6.25367979166667, 1, 1
6.253679875, 0, 1
6.25367991666667, 1, 1
6.25367995833333, 0, 1
6.25368, 1, 1
6.25368004166667, 0, 1
6.25368008333333, 1, 1
6.253680125, 0, 1
6.25368016666667, 1, 1
6.25368020833333, 0, 1
6.25368025, 1, 1
6.25368029166667, 0, 1
6.25368033333333, 1, 1
6.253680375, 0, 1
6.25368041666667, 1, 1
6.25368045833333, 0, 1
6.2536805, 1, 1
6.25368054166667, 0, 1
6.25368058333333, 1, 1
6.253680625, 0, 1
6.25368066666667, 1, 1
6.253681, 0, 1
6.25574220833333, 1, 1
6.25574225, 0, 1
6.25574229166667, 1, 1
6.25574233333333, 0, 1
6.255742375, 1, 1
6.25574241666667, 0, 1
6.25574245833333, 1, 1
6.2557425, 0, 1
6.25574254166667, 1, 1
6.25574258333333, 0, 1
6.255742625, 1, 1
6.25574266666667, 0, 1
6.25574270833333, 1, 1
6.25574275, 0, 1
6.25574279166667, 1, 1
6.25574283333333, 0, 1
6.25574291666667, 1, 1
6.25574295833333, 0, 1
6.255743, 1, 1
6.25574304166667, 0, 1
6.25574308333333, 1, 1
6.255743125, 0, 1
6.25574316666667, 1, 1
6.25574320833333, 0, 1
6.25574325, 1, 1
6.25574329166667, 0, 1
6.25574333333333, 1, 1
6.255743375, 0, 1
6.25574341666667, 1, 1
6.25574345833333, 0, 1
6.2557435, 1, 1
6.25574354166667, 0, 1
6.25574358333333, 1, 1
6.255743625, 0, 1
6.25574366666667, 1, 1
6.25574370833333, 0, 1
6.25574375, 1, 1
6.25574379166667, 0, 1
6.25574383333333, 1, 1
6.255743875, 0, 1
6.25574395833333, 1, 1
6.255744, 0, 1
6.25574404166667, 1, 1
6.25574408333333, 0, 1
6.255744125, 1, 1
6.25574416666667, 0, 1
6.25574420833333, 1, 1
6.25574425, 0, 1
6.25574429166667, 1, 1
6.25574433333333, 0, 1
6.255744375, 1, 1
6.25574441666667, 0, 1
6.25574445833333, 1, 1
6.2557445, 0, 1
6.25574454166667, 1, 1
6.25574458333333, 0, 1
6.255744625, 1, 1
6.25574466666667, 0, 1
6.25574470833333, 1, 1
6.25574475, 0, 1
6.25574479166667, 1, 1
6.25574483333333, 0, 1
6.255744875, 1, 1
6.25574495833333, 0, 1
6.255745, 1, 1
6.25574504166667, 0, 1
6.25574508333333, 1, 1
6.255745125, 0, 1
6.25574516666667, 1, 1
6.25574520833333, 0, 1
6.25574525, 1, 1
6.25574529166667, 0, 1
6.25574533333333, 1, 1
6.255745375, 0, 1
6.25574541666667, 1, 1
6.25574545833333, 0, 1
6.2557455, 1, 1
6.25574554166667, 0, 1
6.25574558333333, 1, 1
6.255745625, 0, 1
6.25574566666667, 1, 1
6.25574570833333, 0, 1
6.25574575, 1, 1
6.25574579166667, 0, 1
6.25574583333333, 1, 1
6.255745875, 0, 1
6.25574595833333, 1, 1
6.255746, 0, 1
6.25574604166667, 1, 1
6.25574608333333, 0, 1
6.255746125, 1, 1
6.25574616666667, 0, 1
6.25574620833333, 1, 1
6.25574625, 0, 1
6.25574629166667, 1, 1
6.25574633333333, 0, 1
6.255746375, 1, 1
6.25574641666667, 0, 1
6.25574645833333, 1, 1
6.2557465, 0, 1
6.25574654166667, 1, 1
6.25574658333333, 0, 1
6.255746625, 1, 1
6.25574666666667, 0, 1
6.25574670833333, 1, 1
6.25574675, 0, 1
6.25574679166667, 1, 1
6.25574683333333, 0, 1
6.255746875, 1, 1
6.25574695833333, 0, 1
6.255747, 1, 1
6.25574704166667, 0, 1
6.25574708333333, 1, 1
6.255747125, 0, 1
6.25574716666667, 1, 1
6.25574720833333, 0, 1
6.25574725, 1, 1
6.25574729166667, 0, 1
6.25574733333333, 1, 1
6.255747375, 0, 1
6.25574741666667, 1, 1
6.25574745833333, 0, 1
6.2557475, 1, 1
6.25574754166667, 0, 1
6.25574758333333, 1, 1
6.25574791666667, 0, 1
