2.18664795833333, 0, 1
2.60330133333333, 1, 1
2.60330154166667, 0, 1
2.60330175, 1, 1
2.60330191666667, 0, 1
2.603302125, 1, 1
2.60330233333333, 0, 1
2.60330254166667, 1, 1
2.60330275, 0, 1
2.60330291666667, 1, 1
2.603303125, 0, 1
2.60330333333333, 1, 1
2.60330354166667, 0, 1
2.60330375, 1, 1
2.60330391666667, 0, 1
2.603304125, 1, 1
2.60330433333333, 0, 1
2.60330454166667, 1, 1
2.60330475, 0, 1
2.60330491666667, 1, 1
2.603305125, 0, 1
2.60330533333333, 1, 1
2.60330554166667, 0, 1
2.60330575, 1, 1
2.60330591666667, 0, 1
2.603306125, 1, 1
2.60330633333333, 0, 1
2.60330654166667, 1, 1
2.60330675, 0, 1
2.60330691666667, 1, 1
2.603307125, 0, 1
2.60330733333333, 1, 1
2.60330754166667, 0, 1
2.60330775, 1, 1
2.60330791666667, 0, 1
2.603308125, 1, 1
2.60330833333333, 0, 1
2.60330854166667, 1, 1
2.60330875, 0, 1
2.60330891666667, 1, 1
2.603309125, 0, 1
2.60330933333333, 1, 1
2.60330954166667, 0, 1
2.60330975, 1, 1
2.60330991666667, 0, 1
2.603310125, 1, 1
2.60331033333333, 0, 1
2.60331054166667, 1, 1
2.60331075, 0, 1
2.60331091666667, 1, 1
2.603311125, 0, 1
2.60331133333333, 1, 1
2.60331154166667, 0, 1
2.60331175, 1, 1
2.60331191666667, 0, 1
2.603312125, 1, 1
2.60331233333333, 0, 1
2.60331254166667, 1, 1
2.60331275, 0, 1
2.60331291666667, 1, 1
2.603313125, 0, 1
2.60331333333333, 1, 1
2.60331354166667, 0, 1
2.60331375, 1, 1
2.60331391666667, 0, 1
2.603314125, 1, 1
2.60331433333333, 0, 1
2.60331454166667, 1, 1
2.603314625, 1, 0
2.60331475, 0, 0
2.60331491666667, 1, 0
2.603315, 1, 1
2.603315125, 0, 1
2.60331533333333, 1, 1
2.60331541666667, 1, 0
2.60331554166667, 0, 0
2.60331575, 1, 0
2.60331583333333, 1, 1
2.60331591666667, 0, 1
2.603316125, 1, 1
2.60331633333333, 0, 1
2.60331654166667, 1, 1
2.60331675, 0, 1
2.60331691666667, 1, 1
2.603317125, 0, 1
2.60331733333333, 1, 1
2.60331754166667, 0, 1
2.60331775, 1, 1
2.60331783333333, 1, 0
2.60331791666667, 0, 0
2.603318125, 1, 0
2.60331820833333, 1, 1
2.60331833333333, 0, 1
2.60331854166667, 1, 1
2.603318625, 1, 0
2.60331875, 0, 0
2.60331891666667, 1, 0
2.603319125, 0, 0
2.60331933333333, 1, 0
2.60331954166667, 0, 0
2.60331975, 1, 0
2.60331991666667, 0, 0
2.603320125, 1, 0
2.60332020833333, 1, 1
2.60332033333333, 0, 1
2.60332054166667, 1, 1
2.603320625, 1, 0
2.60332075, 0, 0
2.60332091666667, 1, 0
2.603321125, 0, 0
2.60332133333333, 1, 0
2.60332154166667, 0, 0
2.60332175, 1, 0
2.60332191666667, 0, 0
2.603322125, 1, 0
2.60332233333333, 0, 0
2.60332254166667, 1, 0
2.60332275, 0, 0
2.60332291666667, 1, 0
2.603323, 1, 1
2.603323125, 0, 1
2.60332333333333, 1, 1
2.60332341666667, 1, 0
2.60332354166667, 0, 0
2.60332375, 1, 0
2.60332383333333, 1, 1
2.60332391666667, 0, 1
2.603324125, 1, 1
2.60332420833333, 1, 0
2.60332433333333, 0, 0
2.60332454166667, 1, 0
2.60332475, 0, 0
2.60332491666667, 1, 0
2.603325125, 0, 0
2.60332533333333, 1, 0
2.60332554166667, 0, 0
2.60332575, 1, 0
2.60332591666667, 0, 0
2.603326125, 1, 0
2.60332633333333, 0, 0
2.60332654166667, 1, 0
2.60332675, 0, 0
2.60332691666667, 1, 0
2.603327, 1, 1
2.603327125, 0, 1
2.60332733333333, 1, 1
2.60332754166667, 0, 1
2.60332775, 1, 1
2.60332791666667, 0, 1
2.60529745833333, 1, 1
2.60529766666667, 0, 1
2.605297875, 1, 1
2.60529804166667, 0, 1
2.60529825, 1, 1
2.60529845833333, 0, 1
2.60529866666667, 1, 1
2.60529883333333, 0, 1
2.60529904166667, 1, 1
2.60529925, 0, 1
2.60529945833333, 1, 1
2.60529966666667, 0, 1
2.605299875, 1, 1
2.60530004166667, 0, 1
2.60530025, 1, 1
2.60530045833333, 0, 1
2.60530066666667, 1, 1
2.60530083333333, 0, 1
2.60530104166667, 1, 1
2.60530125, 0, 1
2.60530145833333, 1, 1
2.60530166666667, 0, 1
2.605301875, 1, 1
2.60530204166667, 0, 1
2.60530225, 1, 1
2.60530245833333, 0, 1
2.60530266666667, 1, 1
2.60530283333333, 0, 1
2.60530304166667, 1, 1
2.60530325, 0, 1
2.60530345833333, 1, 1
2.60530366666667, 0, 1
2.605303875, 1, 1
2.60530404166667, 0, 1
2.60530425, 1, 1
2.60530445833333, 0, 1
2.60530466666667, 1, 1
2.605304875, 0, 1
2.60530504166667, 1, 1
2.60530525, 0, 1
2.60530545833333, 1, 1
2.60530566666667, 0, 1
2.605305875, 1, 1
2.60530604166667, 0, 1
2.60530625, 1, 1
2.60530645833333, 0, 1
2.60530666666667, 1, 1
2.605306875, 0, 1
2.60530704166667, 1, 1
2.60530725, 0, 1
2.60530745833333, 1, 1
2.60530766666667, 0, 1
2.605307875, 1, 1
2.60530804166667, 0, 1
2.60530825, 1, 1
2.60530845833333, 0, 1
2.60530866666667, 1, 1
2.605308875, 0, 1
2.60530904166667, 1, 1
2.60530925, 0, 1
2.60530945833333, 1, 1
2.60530966666667, 0, 1
2.605309875, 1, 1
2.60531004166667, 0, 1
2.60531025, 1, 1
2.60531045833333, 0, 1
2.60531066666667, 1, 1
2.60531075, 1, 0
2.605310875, 0, 0
2.60531104166667, 1, 0
2.605311125, 1, 1
2.60531125, 0, 1
2.60531145833333, 1, 1
2.60531154166667, 1, 0
2.60531166666667, 0, 0
2.605311875, 1, 0
2.60531191666667, 1, 1
2.60531204166667, 0, 1
2.60531225, 1, 1
2.60531245833333, 0, 1
2.60531266666667, 1, 1
2.605312875, 0, 1
2.60531304166667, 1, 1
2.60531325, 0, 1
2.60531345833333, 1, 1
2.60531366666667, 0, 1
2.605313875, 1, 1
2.60531391666667, 1, 0
2.60531404166667, 0, 0
2.60531425, 1, 0
2.60531433333333, 1, 1
2.60531445833333, 0, 1
2.60531466666667, 1, 1
2.605314875, 0, 1
2.60531504166667, 1, 1
2.605315125, 1, 0
2.60531525, 0, 0
2.60531545833333, 1, 0
2.60531566666667, 0, 0
2.605315875, 1, 0
2.60531591666667, 1, 1
2.60531604166667, 0, 1
2.60531625, 1, 1
2.60531645833333, 0, 1
2.60531666666667, 1, 1
2.60531675, 1, 0
2.605316875, 0, 0
2.60531704166667, 1, 0
2.60531725, 0, 0
2.60531745833333, 1, 0
2.60531766666667, 0, 0
2.605317875, 1, 0
2.60531804166667, 0, 0
2.60531825, 1, 0
2.60531833333333, 1, 1
2.60531845833333, 0, 1
2.60531866666667, 1, 1
2.60531875, 1, 0
2.605318875, 0, 0
2.60531904166667, 1, 0
2.60531925, 0, 0
2.60531945833333, 1, 0
2.60531954166667, 1, 1
2.60531966666667, 0, 1
2.605319875, 1, 1
2.60531991666667, 1, 0
2.60532004166667, 0, 0
2.60532025, 1, 0
2.60532045833333, 0, 0
2.60532066666667, 1, 0
2.605320875, 0, 0
2.60532104166667, 1, 0
2.605321125, 1, 1
2.60532125, 0, 1
2.60532145833333, 1, 1
2.60532166666667, 0, 1
2.605321875, 1, 1
2.60532191666667, 1, 0
2.60532204166667, 0, 0
2.60532225, 1, 0
2.60532233333333, 1, 1
2.60532245833333, 0, 1
2.60532266666667, 1, 1
2.60532275, 1, 0
2.605322875, 0, 0
2.60532304166667, 1, 0
2.60532325, 0, 0
2.60532345833333, 1, 0
2.60532354166667, 1, 1
2.60532366666667, 0, 1
2.605323875, 1, 1
2.60532404166667, 0, 1
2.60738158333333, 1, 1
2.60738179166667, 0, 1
2.60738195833333, 1, 1
2.60738216666667, 0, 1
2.607382375, 1, 1
2.60738258333333, 0, 1
2.60738279166667, 1, 1
2.60738295833333, 0, 1
2.60738316666667, 1, 1
2.607383375, 0, 1
2.60738358333333, 1, 1
2.60738379166667, 0, 1
2.60738395833333, 1, 1
2.60738416666667, 0, 1
2.607384375, 1, 1
2.60738458333333, 0, 1
2.60738479166667, 1, 1
2.60738495833333, 0, 1
2.60738516666667, 1, 1
2.607385375, 0, 1
2.60738558333333, 1, 1
2.60738579166667, 0, 1
2.60738595833333, 1, 1
2.60738616666667, 0, 1
2.607386375, 1, 1
2.60738658333333, 0, 1
2.60738679166667, 1, 1
2.60738695833333, 0, 1
2.60738716666667, 1, 1
2.607387375, 0, 1
2.60738758333333, 1, 1
2.60738779166667, 0, 1
2.60738795833333, 1, 1
2.60738816666667, 0, 1
2.607388375, 1, 1
2.60738858333333, 0, 1
2.60738879166667, 1, 1
2.60738895833333, 0, 1
2.60738916666667, 1, 1
2.607389375, 0, 1
2.60738958333333, 1, 1
2.60738979166667, 0, 1
2.60738995833333, 1, 1
2.60739016666667, 0, 1
2.607390375, 1, 1
2.60739058333333, 0, 1
2.60739079166667, 1, 1
2.60739095833333, 0, 1
2.60739116666667, 1, 1
2.607391375, 0, 1
2.60739158333333, 1, 1
2.60739179166667, 0, 1
2.60739195833333, 1, 1
2.60739216666667, 0, 1
2.607392375, 1, 1
2.60739258333333, 0, 1
2.60739279166667, 1, 1
2.60739295833333, 0, 1
2.60739316666667, 1, 1
2.607393375, 0, 1
2.60739358333333, 1, 1
2.60739379166667, 0, 1
2.60739395833333, 1, 1
2.60739416666667, 0, 1
2.607394375, 1, 1
2.60739458333333, 0, 1
2.60739479166667, 1, 1
2.607394875, 1, 0
2.60739495833333, 0, 0
2.60739516666667, 1, 0
2.60739525, 1, 1
2.607395375, 0, 1
2.60739558333333, 1, 1
2.60739566666667, 1, 0
2.60739579166667, 0, 0
2.60739595833333, 1, 0
2.60739604166667, 1, 1
2.60739616666667, 0, 1
2.607396375, 1, 1
2.60739658333333, 0, 1
2.60739679166667, 1, 1
2.60739695833333, 0, 1
2.60739716666667, 1, 1
2.607397375, 0, 1
2.60739758333333, 1, 1
2.60739779166667, 0, 1
2.60739795833333, 1, 1
2.60739804166667, 1, 0
2.60739816666667, 0, 0
2.607398375, 1, 0
2.60739845833333, 1, 1
2.60739858333333, 0, 1
2.60739879166667, 1, 1
2.60739895833333, 0, 1
2.60739916666667, 1, 1
2.60739925, 1, 0
2.607399375, 0, 0
2.60739958333333, 1, 0
2.60739979166667, 0, 0
2.6074, 1, 0
2.60740016666667, 0, 0
2.607400375, 1, 0
2.60740045833333, 1, 1
2.60740058333333, 0, 1
2.60740079166667, 1, 1
2.607400875, 1, 0
2.60740095833333, 0, 0
2.60740116666667, 1, 0
2.607401375, 0, 0
2.60740158333333, 1, 0
2.60740166666667, 1, 1
2.60740179166667, 0, 1
2.607402, 1, 1
2.60740204166667, 1, 0
2.60740216666667, 0, 0
2.607402375, 1, 0
2.60740245833333, 1, 1
2.60740258333333, 0, 1
2.60740279166667, 1, 1
2.607402875, 1, 0
2.607403, 0, 0
2.60740316666667, 1, 0
2.60740325, 1, 1
2.607403375, 0, 1
2.60740358333333, 1, 1
2.60740379166667, 0, 1
2.607404, 1, 1
2.60740404166667, 1, 0
2.60740416666667, 0, 0
2.607404375, 1, 0
2.60740458333333, 0, 0
2.60740479166667, 1, 0
2.607404875, 1, 1
2.607405, 0, 1
2.60740516666667, 1, 1
2.607405375, 0, 1
2.60740558333333, 1, 1
2.60740579166667, 0, 1
2.607406, 1, 1
2.60740616666667, 0, 1
2.607406375, 1, 1
2.60740645833333, 1, 0
2.60740658333333, 0, 0
2.60740679166667, 1, 0
2.607407, 0, 0
2.60740716666667, 1, 0
2.607407375, 0, 0
2.60740758333333, 1, 0
2.60740766666667, 1, 1
2.60740779166667, 0, 1
2.607408, 1, 1
2.60740816666667, 0, 1
2.60929729166667, 1, 1
2.6092975, 0, 1
2.60929770833333, 1, 1
2.609297875, 0, 1
2.60929808333333, 1, 1
2.60929829166667, 0, 1
2.6092985, 1, 1
2.60929870833333, 0, 1
2.609298875, 1, 1
2.60929908333333, 0, 1
2.60929929166667, 1, 1
2.6092995, 0, 1
2.60929970833333, 1, 1
2.609299875, 0, 1
2.60930008333333, 1, 1
2.60930029166667, 0, 1
2.6093005, 1, 1
2.60930070833333, 0, 1
2.609300875, 1, 1
2.60930108333333, 0, 1
2.60930129166667, 1, 1
2.6093015, 0, 1
2.60930170833333, 1, 1
2.609301875, 0, 1
2.60930208333333, 1, 1
2.60930229166667, 0, 1
2.6093025, 1, 1
2.60930270833333, 0, 1
2.609302875, 1, 1
2.60930308333333, 0, 1
2.60930329166667, 1, 1
2.6093035, 0, 1
2.60930370833333, 1, 1
2.609303875, 0, 1
2.60930408333333, 1, 1
2.60930429166667, 0, 1
2.6093045, 1, 1
2.60930470833333, 0, 1
2.609304875, 1, 1
2.60930508333333, 0, 1
2.60930529166667, 1, 1
2.6093055, 0, 1
2.60930570833333, 1, 1
2.609305875, 0, 1
2.60930608333333, 1, 1
2.60930629166667, 0, 1
2.6093065, 1, 1
2.60930670833333, 0, 1
2.609306875, 1, 1
2.60930708333333, 0, 1
2.60930729166667, 1, 1
2.6093075, 0, 1
2.60930770833333, 1, 1
2.609307875, 0, 1
2.60930808333333, 1, 1
2.60930829166667, 0, 1
2.6093085, 1, 1
2.60930870833333, 0, 1
2.609308875, 1, 1
2.60930908333333, 0, 1
2.60930929166667, 1, 1
2.6093095, 0, 1
2.60930970833333, 1, 1
2.609309875, 0, 1
2.60931008333333, 1, 1
2.60931029166667, 0, 1
2.6093105, 1, 1
2.60931058333333, 1, 0
2.60931070833333, 0, 0
2.609310875, 1, 0
2.60931095833333, 1, 1
2.60931108333333, 0, 1
2.60931129166667, 1, 1
2.609311375, 1, 0
2.6093115, 0, 0
2.60931170833333, 1, 0
2.60931179166667, 1, 1
2.609311875, 0, 1
2.60931208333333, 1, 1
2.60931229166667, 0, 1
2.6093125, 1, 1
2.60931270833333, 0, 1
2.609312875, 1, 1
2.60931308333333, 0, 1
2.60931329166667, 1, 1
2.6093135, 0, 1
2.60931370833333, 1, 1
2.60931379166667, 1, 0
2.609313875, 0, 0
2.60931408333333, 1, 0
2.60931416666667, 1, 1
2.60931429166667, 0, 1
2.6093145, 1, 1
2.60931458333333, 1, 0
2.60931470833333, 0, 0
2.609314875, 1, 0
2.60931508333333, 0, 0
2.60931529166667, 1, 0
2.6093155, 0, 0
2.60931570833333, 1, 0
2.60931579166667, 1, 1
2.609315875, 0, 1
2.60931608333333, 1, 1
2.60931629166667, 0, 1
2.6093165, 1, 1
2.60931658333333, 1, 0
2.60931670833333, 0, 0
2.609316875, 1, 0
2.60931708333333, 0, 0
2.60931729166667, 1, 0
2.6093175, 0, 0
2.60931770833333, 1, 0
2.60931779166667, 1, 1
2.609317875, 0, 1
2.60931808333333, 1, 1
2.60931829166667, 0, 1
2.6093185, 1, 1
2.60931858333333, 1, 0
2.60931870833333, 0, 0
2.609318875, 1, 0
2.60931908333333, 0, 0
2.60931929166667, 1, 0
2.609319375, 1, 1
2.6093195, 0, 1
2.60931970833333, 1, 1
2.60931979166667, 1, 0
2.609319875, 0, 0
2.60932008333333, 1, 0
2.60932029166667, 0, 0
2.6093205, 1, 0
2.60932070833333, 0, 0
2.609320875, 1, 0
2.60932108333333, 0, 0
2.60932129166667, 1, 0
2.6093215, 0, 0
2.60932170833333, 1, 0
2.609321875, 0, 0
2.60932208333333, 1, 0
2.60932229166667, 0, 0
2.6093225, 1, 0
2.60932270833333, 0, 0
2.609322875, 1, 0
2.60932295833333, 1, 1
2.60932308333333, 0, 1
2.60932329166667, 1, 1
2.6093235, 0, 1
2.60932370833333, 1, 1
2.609323875, 0, 1
2.61165741666667, 1, 1
2.611657625, 0, 1
2.61165783333333, 1, 1
2.61165804166667, 0, 1
2.61165825, 1, 1
2.61165841666667, 0, 1
2.611658625, 1, 1
2.61165883333333, 0, 1
2.61165904166667, 1, 1
2.61165925, 0, 1
2.61165941666667, 1, 1
2.611659625, 0, 1
2.61165983333333, 1, 1
2.61166004166667, 0, 1
2.61166025, 1, 1
2.61166041666667, 0, 1
2.611660625, 1, 1
2.61166083333333, 0, 1
2.61166104166667, 1, 1
2.61166125, 0, 1
2.61166141666667, 1, 1
2.611661625, 0, 1
2.61166183333333, 1, 1
2.61166204166667, 0, 1
2.61166225, 1, 1
2.61166241666667, 0, 1
2.611662625, 1, 1
2.61166283333333, 0, 1
2.61166304166667, 1, 1
2.61166325, 0, 1
2.61166341666667, 1, 1
2.611663625, 0, 1
2.61166383333333, 1, 1
2.61166404166667, 0, 1
2.61166425, 1, 1
2.61166441666667, 0, 1
2.611664625, 1, 1
2.61166483333333, 0, 1
2.61166504166667, 1, 1
2.61166525, 0, 1
2.61166541666667, 1, 1
2.611665625, 0, 1
2.61166583333333, 1, 1
2.61166604166667, 0, 1
2.61166625, 1, 1
2.61166641666667, 0, 1
2.611666625, 1, 1
2.61166683333333, 0, 1
2.61166704166667, 1, 1
2.61166725, 0, 1
2.61166741666667, 1, 1
2.611667625, 0, 1
2.61166783333333, 1, 1
2.61166804166667, 0, 1
2.61166825, 1, 1
2.61166841666667, 0, 1
2.611668625, 1, 1
2.61166883333333, 0, 1
2.61166904166667, 1, 1
2.61166925, 0, 1
2.61166941666667, 1, 1
2.611669625, 0, 1
2.61166983333333, 1, 1
2.61167004166667, 0, 1
2.61167025, 1, 1
2.61167033333333, 1, 0
2.61167041666667, 0, 0
2.611670625, 1, 0
2.61167070833333, 1, 1
2.61167083333333, 0, 1
2.61167104166667, 1, 1
2.61167125, 0, 1
2.61167141666667, 1, 1
2.6116715, 1, 0
2.611671625, 0, 0
2.61167183333333, 1, 0
2.61167191666667, 1, 1
2.61167204166667, 0, 1
2.61167225, 1, 1
2.61167241666667, 0, 1
2.611672625, 1, 1
2.61167283333333, 0, 1
2.61167304166667, 1, 1
2.61167325, 0, 1
2.61167341666667, 1, 1
2.6116735, 1, 0
2.611673625, 0, 0
2.61167383333333, 1, 0
2.61167391666667, 1, 1
2.61167404166667, 0, 1
2.61167425, 1, 1
2.61167433333333, 1, 0
2.61167441666667, 0, 0
2.611674625, 1, 0
2.61167483333333, 0, 0
2.61167504166667, 1, 0
2.61167525, 0, 0
2.61167541666667, 1, 0
2.6116755, 1, 1
2.611675625, 0, 1
2.61167583333333, 1, 1
2.61167604166667, 0, 1
2.61167625, 1, 1
2.61167641666667, 0, 1
2.611676625, 1, 0
2.61167683333333, 0, 0
2.61167704166667, 1, 0
2.61167725, 0, 0
2.61167741666667, 1, 0
2.61167745833333, 1, 1
2.611677625, 0, 1
2.61167783333333, 1, 1
2.61167804166667, 0, 1
2.61167825, 1, 0
2.61167841666667, 0, 0
2.611678625, 1, 0
2.61167883333333, 0, 0
2.61167904166667, 1, 1
2.61167925, 0, 1
2.61167941666667, 1, 1
2.61167945833333, 1, 0
2.611679625, 0, 0
2.61167983333333, 1, 0
2.61168004166667, 0, 0
2.61168025, 1, 0
2.61168041666667, 0, 0
2.611680625, 1, 0
2.61168083333333, 0, 0
2.61168104166667, 1, 0
2.61168125, 0, 0
2.61168141666667, 1, 0
2.611681625, 0, 0
2.61168183333333, 1, 0
2.61168204166667, 0, 0
2.61168225, 1, 0
2.61168241666667, 0, 0
2.611682625, 1, 0
2.61168283333333, 0, 0
2.61168304166667, 1, 0
2.61168308333333, 1, 1
2.61168325, 0, 1
2.61168341666667, 1, 1
2.611683625, 0, 1
2.61331475, 1, 1
2.61331491666667, 0, 1
2.613315125, 1, 1
2.61331533333333, 0, 1
2.61331554166667, 1, 1
2.61331575, 0, 1
2.61331591666667, 1, 1
2.613316125, 0, 1
2.61331633333333, 1, 1
2.61331654166667, 0, 1
2.61331675, 1, 1
2.61331691666667, 0, 1
2.613317125, 1, 1
2.61331733333333, 0, 1
2.61331754166667, 1, 1
2.61331775, 0, 1
2.61331791666667, 1, 1
2.613318125, 0, 1
2.61331833333333, 1, 1
2.61331854166667, 0, 1
2.61331875, 1, 1
2.61331891666667, 0, 1
2.613319125, 1, 1
2.61331933333333, 0, 1
2.61331954166667, 1, 1
2.61331975, 0, 1
2.61331991666667, 1, 1
2.613320125, 0, 1
2.61332033333333, 1, 1
2.61332054166667, 0, 1
2.61332075, 1, 1
2.61332091666667, 0, 1
2.613321125, 1, 1
2.61332133333333, 0, 1
2.61332154166667, 1, 1
2.61332175, 0, 1
2.61332191666667, 1, 1
2.613322125, 0, 1
2.61332233333333, 1, 1
2.61332254166667, 0, 1
2.61332275, 1, 1
2.61332291666667, 0, 1
2.613323125, 1, 1
2.61332333333333, 0, 1
2.61332354166667, 1, 1
2.61332375, 0, 1
2.61332391666667, 1, 1
2.613324125, 0, 1
2.61332433333333, 1, 1
2.61332454166667, 0, 1
2.61332475, 1, 1
2.61332491666667, 0, 1
2.613325125, 1, 1
2.61332533333333, 0, 1
2.61332554166667, 1, 1
2.61332575, 0, 1
2.61332591666667, 1, 1
2.613326125, 0, 1
2.61332633333333, 1, 1
2.61332654166667, 0, 1
2.61332675, 1, 1
2.61332691666667, 0, 1
2.613327125, 1, 1
2.61332733333333, 0, 1
2.61332754166667, 1, 1
2.613327625, 1, 0
2.61332775, 0, 0
2.61332791666667, 1, 0
2.613328, 1, 1
2.613328125, 0, 1
2.61332833333333, 1, 1
2.61332841666667, 1, 0
2.61332854166667, 0, 0
2.61332875, 1, 0
2.61332879166667, 1, 1
2.61332891666667, 0, 1
2.613329125, 1, 1
2.61332933333333, 0, 1
2.61332954166667, 1, 1
2.61332975, 0, 1
2.61332991666667, 1, 1
2.613330125, 0, 1
2.61333033333333, 1, 1
2.61333054166667, 0, 1
2.61333075, 1, 1
2.61333079166667, 1, 0
2.61333091666667, 0, 0
2.613331125, 1, 0
2.61333120833333, 1, 1
2.61333133333333, 0, 1
2.61333154166667, 1, 1
2.613331625, 1, 0
2.61333175, 0, 0
2.61333191666667, 1, 0
2.613332125, 0, 0
2.61333233333333, 1, 0
2.61333254166667, 0, 0
2.61333275, 1, 0
2.61333291666667, 0, 0
2.613333125, 1, 0
2.61333320833333, 1, 1
2.61333333333333, 0, 1
2.61333354166667, 1, 1
2.613333625, 1, 0
2.61333375, 0, 0
2.61333391666667, 1, 0
2.613334125, 0, 0
2.61333433333333, 1, 0
2.61333454166667, 0, 0
2.61333475, 1, 0
2.61333491666667, 0, 0
2.613335125, 1, 0
2.61333533333333, 0, 0
2.61333554166667, 1, 0
2.61333575, 0, 0
2.61333591666667, 1, 0
2.613336, 1, 1
2.613336125, 0, 1
2.61333633333333, 1, 1
2.61333641666667, 1, 0
2.61333654166667, 0, 0
2.61333675, 1, 0
2.61333679166667, 1, 1
2.61333691666667, 0, 1
2.613337125, 1, 1
2.61333720833333, 1, 0
2.61333733333333, 0, 0
2.61333754166667, 1, 0
2.61333775, 0, 0
2.61333791666667, 1, 0
2.613338125, 0, 0
2.61333833333333, 1, 0
2.61333854166667, 0, 0
2.61333875, 1, 0
2.61333891666667, 0, 0
2.613339125, 1, 0
2.61333933333333, 0, 0
2.61333954166667, 1, 0
2.61333975, 0, 0
2.61333991666667, 1, 0
2.61334, 1, 1
2.613340125, 0, 1
2.61334033333333, 1, 1
2.61334054166667, 0, 1
2.61334075, 1, 1
2.61334091666667, 0, 1
2.61529204166667, 1, 1
2.61529225, 0, 1
2.61529245833333, 1, 1
2.61529266666667, 0, 1
2.61529283333333, 1, 1
2.61529304166667, 0, 1
2.61529325, 1, 1
2.61529345833333, 0, 1
2.61529366666667, 1, 1
2.61529383333333, 0, 1
2.61529404166667, 1, 1
2.61529425, 0, 1
2.61529445833333, 1, 1
2.61529466666667, 0, 1
2.61529483333333, 1, 1
2.61529504166667, 0, 1
2.61529525, 1, 1
2.61529545833333, 0, 1
2.61529566666667, 1, 1
2.61529583333333, 0, 1
2.61529604166667, 1, 1
2.61529625, 0, 1
2.61529645833333, 1, 1
2.61529666666667, 0, 1
2.61529683333333, 1, 1
2.61529704166667, 0, 1
2.61529725, 1, 1
2.61529745833333, 0, 1
2.61529766666667, 1, 1
2.61529783333333, 0, 1
2.61529804166667, 1, 1
2.61529825, 0, 1
2.61529845833333, 1, 1
2.61529866666667, 0, 1
2.61529883333333, 1, 1
2.61529904166667, 0, 1
2.61529925, 1, 1
2.61529945833333, 0, 1
2.61529966666667, 1, 1
2.61529983333333, 0, 1
2.61530004166667, 1, 1
2.61530025, 0, 1
2.61530045833333, 1, 1
2.61530066666667, 0, 1
2.61530083333333, 1, 1
2.61530104166667, 0, 1
2.61530125, 1, 1
2.61530145833333, 0, 1
2.61530166666667, 1, 1
2.61530183333333, 0, 1
2.61530204166667, 1, 1
2.61530225, 0, 1
2.61530245833333, 1, 1
2.61530266666667, 0, 1
2.61530283333333, 1, 1
2.61530304166667, 0, 1
2.61530325, 1, 1
2.61530345833333, 0, 1
2.61530366666667, 1, 1
2.61530383333333, 0, 1
2.61530404166667, 1, 1
2.61530425, 0, 1
2.61530445833333, 1, 1
2.61530466666667, 0, 1
2.61530483333333, 1, 1
2.61530504166667, 0, 1
2.61530525, 1, 1
2.61530533333333, 1, 0
2.61530545833333, 0, 0
2.61530566666667, 1, 0
2.61530575, 1, 1
2.61530583333333, 0, 1
2.61530604166667, 1, 1
2.615306125, 1, 0
2.61530625, 0, 0
2.61530645833333, 1, 0
2.61530654166667, 1, 1
2.61530666666667, 0, 1
2.61530683333333, 1, 1
2.61530704166667, 0, 1
2.61530725, 1, 1
2.61530745833333, 0, 1
2.61530766666667, 1, 1
2.61530783333333, 0, 1
2.61530804166667, 1, 1
2.61530825, 0, 1
2.61530845833333, 1, 1
2.61530854166667, 1, 0
2.61530866666667, 0, 0
2.61530883333333, 1, 0
2.61530891666667, 1, 1
2.61530904166667, 0, 1
2.61530925, 1, 1
2.61530933333333, 1, 0
2.61530945833333, 0, 0
2.61530966666667, 1, 0
2.61530983333333, 0, 0
2.61531004166667, 1, 0
2.61531025, 0, 0
2.61531045833333, 1, 0
2.61531054166667, 1, 1
2.61531066666667, 0, 1
2.61531083333333, 1, 1
2.61531104166667, 0, 1
2.61531125, 1, 1
2.61531133333333, 1, 0
2.61531145833333, 0, 0
2.61531166666667, 1, 0
2.61531183333333, 0, 0
2.61531204166667, 1, 0
2.61531225, 0, 0
2.61531245833333, 1, 0
2.61531254166667, 1, 1
2.61531266666667, 0, 1
2.61531283333333, 1, 1
2.61531304166667, 0, 1
2.61531325, 1, 1
2.61531333333333, 1, 0
2.61531345833333, 0, 0
2.61531366666667, 1, 0
2.61531383333333, 0, 0
2.61531404166667, 1, 0
2.615314125, 1, 1
2.61531425, 0, 1
2.61531445833333, 1, 1
2.61531454166667, 1, 0
2.61531466666667, 0, 0
2.61531483333333, 1, 0
2.61531504166667, 0, 0
2.61531525, 1, 0
2.61531545833333, 0, 0
2.61531566666667, 1, 0
2.61531583333333, 0, 0
2.61531604166667, 1, 0
2.61531625, 0, 0
2.61531645833333, 1, 0
2.61531666666667, 0, 0
2.61531683333333, 1, 0
2.61531704166667, 0, 0
2.61531725, 1, 0
2.61531733333333, 1, 1
2.61531745833333, 0, 1
2.61531766666667, 1, 1
2.61531775, 1, 0
2.61531783333333, 0, 0
2.61531804166667, 1, 0
2.615318125, 1, 1
2.61531825, 0, 1
2.61531845833333, 1, 1
2.61531866666667, 0, 1
2.61736616666667, 1, 1
2.617366375, 0, 1
2.61736658333333, 1, 1
2.61736679166667, 0, 1
2.61736695833333, 1, 1
2.61736716666667, 0, 1
2.617367375, 1, 1
2.61736758333333, 0, 1
2.61736779166667, 1, 1
2.61736795833333, 0, 1
2.61736816666667, 1, 1
2.617368375, 0, 1
2.61736858333333, 1, 1
2.61736879166667, 0, 1
2.61736895833333, 1, 1
2.61736916666667, 0, 1
2.617369375, 1, 1
2.61736958333333, 0, 1
2.61736979166667, 1, 1
2.61736995833333, 0, 1
2.61737016666667, 1, 1
2.617370375, 0, 1
2.61737058333333, 1, 1
2.61737079166667, 0, 1
2.61737095833333, 1, 1
2.61737116666667, 0, 1
2.617371375, 1, 1
2.61737158333333, 0, 1
2.61737179166667, 1, 1
2.61737195833333, 0, 1
2.61737216666667, 1, 1
2.617372375, 0, 1
2.61737258333333, 1, 1
2.61737279166667, 0, 1
2.61737295833333, 1, 1
2.61737316666667, 0, 1
2.617373375, 1, 1
2.61737358333333, 0, 1
2.61737379166667, 1, 1
2.61737395833333, 0, 1
2.61737416666667, 1, 1
2.617374375, 0, 1
2.61737458333333, 1, 1
2.61737479166667, 0, 1
2.61737495833333, 1, 1
2.61737516666667, 0, 1
2.617375375, 1, 1
2.61737558333333, 0, 1
2.61737579166667, 1, 1
2.61737595833333, 0, 1
2.61737616666667, 1, 1
2.617376375, 0, 1
2.61737658333333, 1, 1
2.61737679166667, 0, 1
2.61737695833333, 1, 1
2.61737716666667, 0, 1
2.617377375, 1, 1
2.61737758333333, 0, 1
2.61737779166667, 1, 1
2.61737795833333, 0, 1
2.61737816666667, 1, 1
2.617378375, 0, 1
2.61737858333333, 1, 1
2.61737879166667, 0, 1
2.61737895833333, 1, 1
2.61737916666667, 0, 1
2.617379375, 1, 1
2.61737945833333, 1, 0
2.61737958333333, 0, 0
2.61737979166667, 1, 0
2.61737983333333, 1, 1
2.61737995833333, 0, 1
2.61738016666667, 1, 1
2.617380375, 0, 1
2.61738058333333, 1, 1
2.61738066666667, 1, 0
2.61738079166667, 0, 0
2.61738095833333, 1, 0
2.61738104166667, 1, 1
2.61738116666667, 0, 1
2.617381375, 1, 1
2.61738158333333, 0, 1
2.61738179166667, 1, 1
2.61738195833333, 0, 1
2.61738216666667, 1, 1
2.617382375, 0, 1
2.61738258333333, 1, 1
2.61738266666667, 1, 0
2.61738279166667, 0, 0
2.61738295833333, 1, 0
2.61738304166667, 1, 1
2.61738316666667, 0, 1
2.617383375, 1, 1
2.61738345833333, 1, 0
2.61738358333333, 0, 0
2.61738379166667, 1, 0
2.61738395833333, 0, 0
2.61738416666667, 1, 0
2.617384375, 0, 0
2.61738458333333, 1, 0
2.61738466666667, 1, 1
2.61738479166667, 0, 1
2.61738495833333, 1, 1
2.61738516666667, 0, 1
2.617385375, 1, 1
2.61738558333333, 0, 1
2.61738579166667, 1, 0
2.61738595833333, 0, 0
2.61738616666667, 1, 0
2.617386375, 0, 0
2.61738658333333, 1, 1
2.61738679166667, 0, 1
2.61738695833333, 1, 1
2.61738716666667, 0, 1
2.617387375, 1, 0
2.61738758333333, 0, 0
2.61738779166667, 1, 0
2.61738795833333, 0, 0
2.61738816666667, 1, 1
2.617388375, 0, 1
2.61738858333333, 1, 0
2.61738879166667, 0, 0
2.61738895833333, 1, 0
2.61738916666667, 0, 0
2.617389375, 1, 0
2.61738958333333, 0, 0
2.61738979166667, 1, 0
2.61738995833333, 0, 0
2.61739016666667, 1, 0
2.617390375, 0, 0
2.61739058333333, 1, 0
2.61739079166667, 0, 0
2.61739095833333, 1, 0
2.61739116666667, 0, 0
2.617391375, 1, 0
2.61739158333333, 0, 0
2.61739179166667, 1, 0
2.61739195833333, 0, 0
2.61739216666667, 1, 0
2.61739225, 1, 1
2.617392375, 0, 1
2.61739258333333, 1, 1
2.61739279166667, 0, 1
2.6192935, 1, 1
2.61929366666667, 0, 1
2.619293875, 1, 1
2.61929408333333, 0, 1
2.61929429166667, 1, 1
2.6192945, 0, 1
2.61929466666667, 1, 1
2.619294875, 0, 1
2.61929508333333, 1, 1
2.61929529166667, 0, 1
2.6192955, 1, 1
2.61929566666667, 0, 1
2.619295875, 1, 1
2.61929608333333, 0, 1
2.61929629166667, 1, 1
2.6192965, 0, 1
2.61929666666667, 1, 1
2.619296875, 0, 1
2.61929708333333, 1, 1
2.61929729166667, 0, 1
2.6192975, 1, 1
2.61929766666667, 0, 1
2.619297875, 1, 1
2.61929808333333, 0, 1
2.61929829166667, 1, 1
2.6192985, 0, 1
2.61929866666667, 1, 1
2.619298875, 0, 1
2.61929908333333, 1, 1
2.61929929166667, 0, 1
2.6192995, 1, 1
2.61929966666667, 0, 1
2.619299875, 1, 1
2.61930008333333, 0, 1
2.61930029166667, 1, 1
2.6193005, 0, 1
2.61930066666667, 1, 1
2.619300875, 0, 1
2.61930108333333, 1, 1
2.61930129166667, 0, 1
2.6193015, 1, 1
2.61930166666667, 0, 1
2.619301875, 1, 1
2.61930208333333, 0, 1
2.61930229166667, 1, 1
2.6193025, 0, 1
2.61930266666667, 1, 1
2.619302875, 0, 1
2.61930308333333, 1, 1
2.61930329166667, 0, 1
2.6193035, 1, 1
2.61930366666667, 0, 1
2.619303875, 1, 1
2.61930408333333, 0, 1
2.61930429166667, 1, 1
2.6193045, 0, 1
2.61930470833333, 1, 1
2.619304875, 0, 1
2.61930508333333, 1, 1
2.61930529166667, 0, 1
2.6193055, 1, 1
2.61930566666667, 0, 1
2.619305875, 1, 1
2.61930608333333, 0, 1
2.61930629166667, 1, 1
2.6193065, 0, 1
2.61930670833333, 1, 1
2.61930675, 1, 0
2.619306875, 0, 0
2.61930708333333, 1, 0
2.61930716666667, 1, 1
2.61930729166667, 0, 1
2.6193075, 1, 1
2.61930770833333, 0, 1
2.619307875, 1, 1
2.61930795833333, 1, 0
2.61930808333333, 0, 0
2.61930829166667, 1, 0
2.619308375, 1, 1
2.6193085, 0, 1
2.61930870833333, 1, 1
2.619308875, 0, 1
2.61930908333333, 1, 1
2.61930929166667, 0, 1
2.6193095, 1, 1
2.61930970833333, 0, 1
2.619309875, 1, 1
2.61930995833333, 1, 0
2.61931008333333, 0, 0
2.61931029166667, 1, 0
2.619310375, 1, 1
2.6193105, 0, 1
2.61931070833333, 1, 1
2.619310875, 0, 1
2.61931108333333, 1, 1
2.61931116666667, 1, 0
2.61931129166667, 0, 0
2.6193115, 1, 0
2.61931170833333, 0, 0
2.619311875, 1, 0
2.61931195833333, 1, 1
2.61931208333333, 0, 1
2.61931229166667, 1, 1
2.6193125, 0, 1
2.61931270833333, 1, 1
2.619312875, 0, 1
2.61931308333333, 1, 0
2.61931329166667, 0, 0
2.6193135, 1, 0
2.61931370833333, 0, 0
2.619313875, 1, 0
2.61931408333333, 0, 0
2.61931429166667, 1, 0
2.6193145, 0, 0
2.61931470833333, 1, 0
2.619314875, 0, 0
2.61931508333333, 1, 0
2.61931529166667, 0, 0
2.6193155, 1, 0
2.61931570833333, 0, 0
2.619315875, 1, 0
2.61931608333333, 0, 0
2.61931629166667, 1, 0
2.6193165, 0, 0
2.61931670833333, 1, 0
2.619316875, 0, 0
2.61931708333333, 1, 0
2.61931729166667, 0, 0
2.6193175, 1, 0
2.61931770833333, 0, 0
2.619317875, 1, 0
2.61931808333333, 0, 0
2.61931829166667, 1, 0
2.6193185, 0, 0
2.61931870833333, 1, 0
2.619318875, 0, 0
2.61931908333333, 1, 0
2.61931929166667, 0, 0
2.6193195, 1, 0
2.61931954166667, 1, 1
2.61931970833333, 0, 1
2.619319875, 1, 1
2.61932008333333, 0, 1
2.62164404166667, 1, 1
2.62164420833333, 0, 1
2.62164441666667, 1, 1
2.621644625, 0, 1
2.62164483333333, 1, 1
2.62164504166667, 0, 1
2.62164520833333, 1, 1
2.62164541666667, 0, 1
2.621645625, 1, 1
2.62164583333333, 0, 1
2.62164604166667, 1, 1
2.62164620833333, 0, 1
2.62164641666667, 1, 1
2.621646625, 0, 1
2.62164683333333, 1, 1
2.62164704166667, 0, 1
2.62164720833333, 1, 1
2.62164741666667, 0, 1
2.621647625, 1, 1
2.62164783333333, 0, 1
2.62164804166667, 1, 1
2.62164820833333, 0, 1
2.62164841666667, 1, 1
2.621648625, 0, 1
2.62164883333333, 1, 1
2.62164904166667, 0, 1
2.62164920833333, 1, 1
2.62164941666667, 0, 1
2.621649625, 1, 1
2.62164983333333, 0, 1
2.62165004166667, 1, 1
2.62165020833333, 0, 1
2.62165041666667, 1, 1
2.621650625, 0, 1
2.62165083333333, 1, 1
2.62165104166667, 0, 1
2.62165120833333, 1, 1
2.62165141666667, 0, 1
2.621651625, 1, 1
2.62165183333333, 0, 1
2.62165204166667, 1, 1
2.62165220833333, 0, 1
2.62165241666667, 1, 1
2.621652625, 0, 1
2.62165283333333, 1, 1
2.62165304166667, 0, 1
2.62165320833333, 1, 1
2.62165341666667, 0, 1
2.621653625, 1, 1
2.62165383333333, 0, 1
2.62165404166667, 1, 1
2.62165420833333, 0, 1
2.62165441666667, 1, 1
2.621654625, 0, 1
2.62165483333333, 1, 1
2.62165504166667, 0, 1
2.62165520833333, 1, 1
2.62165541666667, 0, 1
2.621655625, 1, 1
2.62165583333333, 0, 1
2.62165604166667, 1, 1
2.62165620833333, 0, 1
2.62165641666667, 1, 1
2.621656625, 0, 1
2.62165683333333, 1, 1
2.62165704166667, 0, 1
2.62165720833333, 1, 1
2.62165729166667, 1, 0
2.62165741666667, 0, 0
2.621657625, 1, 0
2.62165770833333, 1, 1
2.62165783333333, 0, 1
2.62165804166667, 1, 1
2.62165820833333, 0, 1
2.62165841666667, 1, 1
2.6216585, 1, 0
2.621658625, 0, 0
2.62165883333333, 1, 0
2.62165891666667, 1, 1
2.62165904166667, 0, 1
2.62165920833333, 1, 1
2.62165941666667, 0, 1
2.621659625, 1, 1
2.62165983333333, 0, 1
2.62166004166667, 1, 1
2.62166020833333, 0, 1
2.62166041666667, 1, 1
2.6216605, 1, 0
2.621660625, 0, 0
2.62166083333333, 1, 0
2.62166091666667, 1, 1
2.62166104166667, 0, 1
2.62166120833333, 1, 1
2.62166141666667, 0, 1
2.621661625, 1, 1
2.62166170833333, 1, 0
2.62166183333333, 0, 0
2.62166204166667, 1, 0
2.62166220833333, 0, 0
2.62166241666667, 1, 0
2.621662625, 0, 0
2.62166283333333, 1, 1
2.62166304166667, 0, 1
2.62166320833333, 1, 1
2.62166341666667, 0, 1
2.621663625, 1, 0
2.62166383333333, 0, 0
2.62166404166667, 1, 0
2.62166420833333, 0, 0
2.62166441666667, 1, 0
2.621664625, 0, 0
2.62166483333333, 1, 0
2.62166504166667, 0, 0
2.62166520833333, 1, 0
2.62166541666667, 0, 0
2.621665625, 1, 0
2.62166583333333, 0, 0
2.62166604166667, 1, 0
2.62166620833333, 0, 0
2.62166641666667, 1, 0
2.621666625, 0, 0
2.62166683333333, 1, 0
2.62166704166667, 0, 0
2.62166720833333, 1, 0
2.62166741666667, 0, 0
2.621667625, 1, 0
2.62166783333333, 0, 0
2.62166804166667, 1, 0
2.62166820833333, 0, 0
2.62166841666667, 1, 0
2.621668625, 0, 0
2.62166883333333, 1, 0
2.62166904166667, 0, 0
2.62166920833333, 1, 0
2.62166941666667, 0, 0
2.621669625, 1, 0
2.62166983333333, 0, 0
2.62167004166667, 1, 0
2.62167008333333, 1, 1
2.62167020833333, 0, 1
2.62167041666667, 1, 1
2.621670625, 0, 1
2.70738079166667, 1, 1
2.70738083333333, 0, 1
2.707380875, 1, 1
2.70738091666667, 0, 1
2.70738095833333, 1, 1
2.707381, 0, 1
2.70738104166667, 1, 1
2.70738108333333, 0, 1
2.707381125, 1, 1
2.70738116666667, 0, 1
2.70738120833333, 1, 1
2.70738125, 0, 1
2.70738129166667, 1, 1
2.70738133333333, 0, 1
2.707381375, 1, 1
2.70738141666667, 0, 1
2.70738145833333, 1, 1
2.7073815, 0, 1
2.70738154166667, 1, 1
2.70738158333333, 0, 1
2.707381625, 1, 1
2.70738166666667, 0, 1
2.70738175, 1, 1
2.70738179166667, 0, 1
2.70738183333333, 1, 1
2.707381875, 0, 1
2.70738191666667, 1, 1
2.70738195833333, 0, 1
2.707382, 1, 1
2.70738204166667, 0, 1
2.70738208333333, 1, 1
2.707382125, 0, 1
2.70738216666667, 1, 1
2.70738220833333, 0, 1
2.70738225, 1, 1
2.70738229166667, 0, 1
2.70738233333333, 1, 1
2.707382375, 0, 1
2.70738241666667, 1, 1
2.70738245833333, 0, 1
2.7073825, 1, 1
2.70738254166667, 0, 1
2.70738258333333, 1, 1
2.707382625, 0, 1
2.70738266666667, 1, 1
2.70738275, 0, 1
2.70738279166667, 1, 1
2.70738283333333, 0, 1
2.707382875, 1, 1
2.70738291666667, 0, 1
2.70738295833333, 1, 1
2.707383, 0, 1
2.70738304166667, 1, 1
2.70738308333333, 0, 1
2.707383125, 1, 1
2.70738316666667, 0, 1
2.70738320833333, 1, 1
2.70738325, 0, 1
2.70738329166667, 1, 1
2.70738333333333, 0, 1
2.707383375, 1, 1
2.70738341666667, 0, 1
2.70738345833333, 1, 1
2.7073835, 0, 1
2.70738354166667, 1, 1
2.70738358333333, 0, 1
2.707383625, 1, 1
2.70738366666667, 0, 1
2.70738375, 1, 1
2.70738379166667, 0, 1
2.70738383333333, 1, 1
2.707383875, 0, 1
2.70738391666667, 1, 1
2.70738395833333, 0, 1
2.707384, 1, 1
2.70738404166667, 0, 1
2.70738408333333, 1, 1
2.707384125, 0, 1
2.70738416666667, 1, 1
2.70738420833333, 0, 1
2.70738425, 1, 1
2.70738429166667, 0, 1
2.70738433333333, 1, 1
2.707384375, 0, 1
2.70738441666667, 1, 1
2.70738445833333, 0, 1
2.7073845, 1, 1
2.70738454166667, 0, 1
2.70738458333333, 1, 1
2.707384625, 0, 1
2.70738466666667, 1, 1
2.70738475, 0, 1
2.70738479166667, 1, 1
2.70738483333333, 0, 1
2.707384875, 1, 1
2.70738491666667, 0, 1
2.70738495833333, 1, 1
2.707385, 0, 1
2.70738504166667, 1, 1
2.70738508333333, 0, 1
2.707385125, 1, 1
2.70738516666667, 0, 1
2.70738520833333, 1, 1
2.70738525, 0, 1
2.70738529166667, 1, 1
2.70738533333333, 0, 1
2.707385375, 1, 1
2.70738541666667, 0, 1
2.70738545833333, 1, 1
2.7073855, 0, 1
2.70738554166667, 1, 1
2.70738558333333, 0, 1
2.707385625, 1, 1
2.70738566666667, 0, 1
2.70738575, 1, 1
2.70738579166667, 0, 1
2.70738583333333, 1, 1
2.707385875, 0, 1
2.70738591666667, 1, 1
2.70738595833333, 0, 1
2.707386, 1, 1
2.70738604166667, 0, 1
2.70738608333333, 1, 1
2.707386125, 0, 1
2.70738616666667, 1, 1
2.70738654166667, 0, 1
2.70930291666667, 1, 1
2.70930295833333, 0, 1
2.709303, 1, 1
2.70930304166667, 0, 1
2.70930308333333, 1, 1
2.709303125, 0, 1
2.70930316666667, 1, 1
2.70930320833333, 0, 1
2.70930325, 1, 1
2.70930329166667, 0, 1
2.70930333333333, 1, 1
2.709303375, 0, 1
2.70930341666667, 1, 1
2.70930345833333, 0, 1
2.7093035, 1, 1
2.70930354166667, 0, 1
2.709303625, 1, 1
2.70930366666667, 0, 1
2.70930370833333, 1, 1
2.70930375, 0, 1
2.70930379166667, 1, 1
2.70930383333333, 0, 1
2.709303875, 1, 1
2.70930391666667, 0, 1
2.70930395833333, 1, 1
2.709304, 0, 1
2.70930404166667, 1, 1
2.70930408333333, 0, 1
2.709304125, 1, 1
2.70930416666667, 0, 1
2.70930420833333, 1, 1
2.70930425, 0, 1
2.70930429166667, 1, 1
2.70930433333333, 0, 1
2.709304375, 1, 1
2.70930441666667, 0, 1
2.70930445833333, 1, 1
2.7093045, 0, 1
2.70930454166667, 1, 1
2.709304625, 0, 1
2.70930466666667, 1, 1
2.70930470833333, 0, 1
2.70930475, 1, 1
2.70930479166667, 0, 1
2.70930483333333, 1, 1
2.709304875, 0, 1
2.70930491666667, 1, 1
2.70930495833333, 0, 1
2.709305, 1, 1
2.70930504166667, 0, 1
2.70930508333333, 1, 1
2.709305125, 0, 1
2.70930516666667, 1, 1
2.70930520833333, 0, 1
2.70930525, 1, 1
2.70930529166667, 0, 1
2.70930533333333, 1, 1
2.709305375, 0, 1
2.70930541666667, 1, 1
2.70930545833333, 0, 1
2.7093055, 1, 1
2.70930554166667, 0, 1
2.709305625, 1, 1
2.70930566666667, 0, 1
2.70930570833333, 1, 1
2.70930575, 0, 1
2.70930579166667, 1, 1
2.70930583333333, 0, 1
2.709305875, 1, 1
2.70930591666667, 0, 1
2.70930595833333, 1, 1
2.709306, 0, 1
2.70930604166667, 1, 1
2.70930608333333, 0, 1
2.709306125, 1, 1
2.70930616666667, 0, 1
2.70930620833333, 1, 1
2.70930625, 0, 1
2.70930629166667, 1, 1
2.70930633333333, 0, 1
2.709306375, 1, 1
2.70930641666667, 0, 1
2.70930645833333, 1, 1
2.7093065, 0, 1
2.70930654166667, 1, 1
2.709306625, 0, 1
2.70930666666667, 1, 1
2.70930670833333, 0, 1
2.70930675, 1, 1
2.70930679166667, 0, 1
2.70930683333333, 1, 1
2.709306875, 0, 1
2.70930691666667, 1, 1
2.70930695833333, 0, 1
2.709307, 1, 1
2.70930704166667, 0, 1
2.70930708333333, 1, 1
2.709307125, 0, 1
2.70930716666667, 1, 1
2.70930720833333, 0, 1
2.70930725, 1, 1
2.70930729166667, 0, 1
2.70930733333333, 1, 1
2.709307375, 0, 1
2.70930741666667, 1, 1
2.70930745833333, 0, 1
2.7093075, 1, 1
2.70930754166667, 0, 1
2.709307625, 1, 1
2.70930766666667, 0, 1
2.70930770833333, 1, 1
2.70930775, 0, 1
2.70930779166667, 1, 1
2.70930783333333, 0, 1
2.709307875, 1, 1
2.70930791666667, 0, 1
2.70930795833333, 1, 1
2.709308, 0, 1
2.70930804166667, 1, 1
2.70930808333333, 0, 1
2.709308125, 1, 1
2.70930816666667, 0, 1
2.70930820833333, 1, 1
2.70930825, 0, 1
2.70930829166667, 1, 1
2.709308625, 0, 1
3.71171820833333, 1, 1
3.71171825, 0, 1
3.71171829166667, 1, 1
3.71171833333333, 0, 1
3.711718375, 1, 1
3.71171845833333, 0, 1
3.7117185, 1, 1
3.71171854166667, 0, 1
3.71171858333333, 1, 1
3.711718625, 0, 1
3.71171866666667, 1, 1
3.71171870833333, 0, 1
3.71171875, 1, 1
3.71171879166667, 0, 1
3.71171883333333, 1, 1
3.711718875, 0, 1
3.71171891666667, 1, 1
3.71171895833333, 0, 1
3.711719, 1, 1
3.71171904166667, 0, 1
3.71171908333333, 1, 1
3.711719125, 0, 1
3.71171916666667, 1, 1
3.71171920833333, 0, 1
3.71171925, 1, 1
3.71171929166667, 0, 1
3.71171933333333, 1, 1
3.711719375, 0, 1
3.71171945833333, 1, 1
3.7117195, 0, 1
3.71171954166667, 1, 1
3.71171958333333, 0, 1
3.711719625, 1, 1
3.71171966666667, 0, 1
3.71171970833333, 1, 1
3.71171975, 0, 1
3.71171979166667, 1, 1
3.71171983333333, 0, 1
3.711719875, 1, 1
3.71171991666667, 0, 1
3.71171995833333, 1, 1
3.71172, 0, 1
3.71172004166667, 1, 1
3.71172008333333, 0, 1
3.711720125, 1, 1
3.71172016666667, 0, 1
3.71172020833333, 1, 1
3.71172025, 0, 1
3.71172029166667, 1, 1
3.71172033333333, 0, 1
3.711720375, 1, 1
3.71172045833333, 0, 1
3.7117205, 1, 1
3.71172054166667, 0, 1
3.71172058333333, 1, 1
3.711720625, 0, 1
3.71172066666667, 1, 1
3.71172070833333, 0, 1
3.71172075, 1, 1
3.71172079166667, 0, 1
3.71172083333333, 1, 1
3.711720875, 0, 1
3.71172091666667, 1, 1
3.71172095833333, 0, 1
3.711721, 1, 1
3.71172104166667, 0, 1
3.71172108333333, 1, 1
3.711721125, 0, 1
3.71172116666667, 1, 1
3.71172120833333, 0, 1
3.71172125, 1, 1
3.71172129166667, 0, 1
3.71172133333333, 1, 1
3.711721375, 0, 1
3.71172145833333, 1, 1
3.7117215, 0, 1
3.71172154166667, 1, 1
3.71172158333333, 0, 1
3.711721625, 1, 1
3.71172166666667, 0, 1
3.71172170833333, 1, 1
3.71172175, 0, 1
3.71172179166667, 1, 1
3.71172183333333, 0, 1
3.711721875, 1, 1
3.71172191666667, 0, 1
3.71172195833333, 1, 1
3.711722, 0, 1
3.71172204166667, 1, 1
3.71172208333333, 0, 1
3.711722125, 1, 1
3.71172216666667, 0, 1
3.71172220833333, 1, 1
3.71172225, 0, 1
3.71172229166667, 1, 1
3.71172233333333, 0, 1
3.711722375, 1, 1
3.71172245833333, 0, 1
3.7117225, 1, 1
3.71172254166667, 0, 1
3.71172258333333, 1, 1
3.711722625, 0, 1
3.71172266666667, 1, 1
3.71172270833333, 0, 1
3.71172275, 1, 1
3.71172279166667, 0, 1
3.71172283333333, 1, 1
3.711722875, 0, 1
3.71172291666667, 1, 1
3.71172295833333, 0, 1
3.711723, 1, 1
3.71172304166667, 0, 1
3.71172308333333, 1, 1
3.711723125, 0, 1
3.71172316666667, 1, 1
3.71172320833333, 0, 1
3.71172325, 1, 1
3.71172329166667, 0, 1
3.71172333333333, 1, 1
3.711723375, 0, 1
3.71172345833333, 1, 1
3.7117235, 0, 1
3.71172354166667, 1, 1
3.71172391666667, 0, 1
3.71336133333333, 1, 1
3.713361375, 0, 1
3.71336141666667, 1, 1
3.71336145833333, 0, 1
3.7133615, 1, 1
3.71336154166667, 0, 1
3.71336158333333, 1, 1
3.713361625, 0, 1
3.71336166666667, 1, 1
3.71336170833333, 0, 1
3.71336175, 1, 1
3.71336179166667, 0, 1
3.71336183333333, 1, 1
3.71336191666667, 0, 1
3.71336195833333, 1, 1
3.713362, 0, 1
3.71336204166667, 1, 1
3.71336208333333, 0, 1
3.713362125, 1, 1
3.71336216666667, 0, 1
3.71336220833333, 1, 1
3.71336225, 0, 1
3.71336229166667, 1, 1
3.71336233333333, 0, 1
3.713362375, 1, 1
3.71336241666667, 0, 1
3.71336245833333, 1, 1
3.7133625, 0, 1
3.71336254166667, 1, 1
3.71336258333333, 0, 1
3.713362625, 1, 1
3.71336266666667, 0, 1
3.71336270833333, 1, 1
3.71336275, 0, 1
3.71336279166667, 1, 1
3.71336283333333, 0, 1
3.71336291666667, 1, 1
3.71336295833333, 0, 1
3.713363, 1, 1
3.71336304166667, 0, 1
3.71336308333333, 1, 1
3.713363125, 0, 1
3.71336316666667, 1, 1
3.71336320833333, 0, 1
3.71336325, 1, 1
3.71336329166667, 0, 1
3.71336333333333, 1, 1
3.713363375, 0, 1
3.71336341666667, 1, 1
3.71336345833333, 0, 1
3.7133635, 1, 1
3.71336354166667, 0, 1
3.71336358333333, 1, 1
3.713363625, 0, 1
3.71336366666667, 1, 1
3.71336370833333, 0, 1
3.71336375, 1, 1
3.71336379166667, 0, 1
3.71336383333333, 1, 1
3.71336391666667, 0, 1
3.71336395833333, 1, 1
3.713364, 0, 1
3.71336404166667, 1, 1
3.71336408333333, 0, 1
3.713364125, 1, 1
3.71336416666667, 0, 1
3.71336420833333, 1, 1
3.71336425, 0, 1
3.71336429166667, 1, 1
3.71336433333333, 0, 1
3.713364375, 1, 1
3.71336441666667, 0, 1
3.71336445833333, 1, 1
3.7133645, 0, 1
3.71336454166667, 1, 1
3.71336458333333, 0, 1
3.713364625, 1, 1
3.71336466666667, 0, 1
3.71336470833333, 1, 1
3.71336475, 0, 1
3.71336479166667, 1, 1
3.71336483333333, 0, 1
3.71336491666667, 1, 1
3.71336495833333, 0, 1
3.713365, 1, 1
3.71336504166667, 0, 1
3.71336508333333, 1, 1
3.713365125, 0, 1
3.71336516666667, 1, 1
3.71336520833333, 0, 1
3.71336525, 1, 1
3.71336529166667, 0, 1
3.71336533333333, 1, 1
3.713365375, 0, 1
3.71336541666667, 1, 1
3.71336545833333, 0, 1
3.7133655, 1, 1
3.71336554166667, 0, 1
3.71336558333333, 1, 1
3.713365625, 0, 1
3.71336566666667, 1, 1
3.71336570833333, 0, 1
3.71336575, 1, 1
3.71336579166667, 0, 1
3.71336583333333, 1, 1
3.71336591666667, 0, 1
3.71336595833333, 1, 1
3.713366, 0, 1
3.71336604166667, 1, 1
3.71336608333333, 0, 1
3.713366125, 1, 1
3.71336616666667, 0, 1
3.71336620833333, 1, 1
3.71336625, 0, 1
3.71336629166667, 1, 1
3.71336633333333, 0, 1
3.713366375, 1, 1
3.71336641666667, 0, 1
3.71336645833333, 1, 1
3.7133665, 0, 1
3.71336654166667, 1, 1
3.71336658333333, 0, 1
3.713366625, 1, 1
3.71336695833333, 0, 1
4.71542566666667, 1, 1
4.71542570833333, 0, 1
4.71542575, 1, 1
4.71542579166667, 0, 1
4.71542583333333, 1, 1
4.715425875, 0, 1
4.71542591666667, 1, 1
4.71542595833333, 0, 1
4.715426, 1, 1
4.71542604166667, 0, 1
4.71542608333333, 1, 1
4.715426125, 0, 1
4.71542616666667, 1, 1
4.71542620833333, 0, 1
4.71542625, 1, 1
4.71542629166667, 0, 1
4.71542633333333, 1, 1
4.715426375, 0, 1
4.71542641666667, 1, 1
4.71542645833333, 0, 1
4.7154265, 1, 1
4.71542658333333, 0, 1
4.715426625, 1, 1
4.71542666666667, 0, 1
4.71542670833333, 1, 1
4.71542675, 0, 1
4.71542679166667, 1, 1
4.71542683333333, 0, 1
4.715426875, 1, 1
4.71542691666667, 0, 1
4.71542695833333, 1, 1
4.715427, 0, 1
4.71542704166667, 1, 1
4.71542708333333, 0, 1
4.715427125, 1, 1
4.71542716666667, 0, 1
4.71542720833333, 1, 1
4.71542725, 0, 1
4.71542729166667, 1, 1
4.71542733333333, 0, 1
4.715427375, 1, 1
4.71542741666667, 0, 1
4.71542745833333, 1, 1
4.7154275, 0, 1
4.71542758333333, 1, 1
4.715427625, 0, 1
4.71542766666667, 1, 1
4.71542770833333, 0, 1
4.71542775, 1, 1
4.71542779166667, 0, 1
4.71542783333333, 1, 1
4.715427875, 0, 1
4.71542791666667, 1, 1
4.71542795833333, 0, 1
4.715428, 1, 1
4.71542804166667, 0, 1
4.71542808333333, 1, 1
4.715428125, 0, 1
4.71542816666667, 1, 1
4.71542820833333, 0, 1
4.71542825, 1, 1
4.71542829166667, 0, 1
4.71542833333333, 1, 1
4.715428375, 0, 1
4.71542841666667, 1, 1
4.71542845833333, 0, 1
4.7154285, 1, 1
4.71542858333333, 0, 1
4.715428625, 1, 1
4.71542866666667, 0, 1
4.71542870833333, 1, 1
4.71542875, 0, 1
4.71542879166667, 1, 1
4.71542883333333, 0, 1
4.715428875, 1, 1
4.71542891666667, 0, 1
4.71542895833333, 1, 1
4.715429, 0, 1
4.71542904166667, 1, 1
4.71542908333333, 0, 1
4.715429125, 1, 1
4.71542916666667, 0, 1
4.71542920833333, 1, 1
4.71542925, 0, 1
4.71542929166667, 1, 1
4.71542933333333, 0, 1
4.715429375, 1, 1
4.71542941666667, 0, 1
4.71542945833333, 1, 1
4.7154295, 0, 1
4.71542958333333, 1, 1
4.715429625, 0, 1
4.71542966666667, 1, 1
4.71542970833333, 0, 1
4.71542975, 1, 1
4.71542979166667, 0, 1
4.71542983333333, 1, 1
4.715429875, 0, 1
4.71542991666667, 1, 1
4.71542995833333, 0, 1
4.71543, 1, 1
4.71543004166667, 0, 1
4.71543008333333, 1, 1
4.715430125, 0, 1
4.71543016666667, 1, 1
4.71543020833333, 0, 1
4.71543025, 1, 1
4.71543029166667, 0, 1
4.71543033333333, 1, 1
4.715430375, 0, 1
4.71543041666667, 1, 1
4.71543045833333, 0, 1
4.7154305, 1, 1
4.71543058333333, 0, 1
4.715430625, 1, 1
4.71543066666667, 0, 1
4.71543070833333, 1, 1
4.71543075, 0, 1
4.71543079166667, 1, 1
4.71543083333333, 0, 1
4.715430875, 1, 1
4.71543091666667, 0, 1
4.71543095833333, 1, 1
4.715431, 0, 1
4.71543104166667, 1, 1
4.71543141666667, 0, 1
4.71747675, 1, 1
4.71747679166667, 0, 1
4.71747683333333, 1, 1
4.717476875, 0, 1
4.71747691666667, 1, 1
4.71747695833333, 0, 1
4.717477, 1, 1
4.71747704166667, 0, 1
4.71747708333333, 1, 1
4.717477125, 0, 1
4.71747716666667, 1, 1
4.71747720833333, 0, 1
4.71747725, 1, 1
4.71747729166667, 0, 1
4.71747733333333, 1, 1
4.717477375, 0, 1
4.71747741666667, 1, 1
4.71747745833333, 0, 1
4.7174775, 1, 1
4.71747754166667, 0, 1
4.717477625, 1, 1
4.71747766666667, 0, 1
4.71747770833333, 1, 1
4.71747775, 0, 1
4.71747779166667, 1, 1
4.71747783333333, 0, 1
4.717477875, 1, 1
4.71747791666667, 0, 1
4.71747795833333, 1, 1
4.717478, 0, 1
4.71747804166667, 1, 1
4.71747808333333, 0, 1
4.717478125, 1, 1
4.71747816666667, 0, 1
4.71747820833333, 1, 1
4.71747825, 0, 1
4.71747829166667, 1, 1
4.71747833333333, 0, 1
4.717478375, 1, 1
4.71747841666667, 0, 1
4.71747845833333, 1, 1
4.7174785, 0, 1
4.71747854166667, 1, 1
4.71747858333333, 0, 1
4.71747866666667, 1, 1
4.71747870833333, 0, 1
4.71747875, 1, 1
4.71747879166667, 0, 1
4.71747883333333, 1, 1
4.717478875, 0, 1
4.71747891666667, 1, 1
4.71747895833333, 0, 1
4.717479, 1, 1
4.71747904166667, 0, 1
4.71747908333333, 1, 1
4.717479125, 0, 1
4.71747916666667, 1, 1
4.71747920833333, 0, 1
4.71747925, 1, 1
4.71747929166667, 0, 1
4.71747933333333, 1, 1
4.717479375, 0, 1
4.71747941666667, 1, 1
4.71747945833333, 0, 1
4.7174795, 1, 1
4.71747954166667, 0, 1
4.717479625, 1, 1
4.71747966666667, 0, 1
4.71747970833333, 1, 1
4.71747975, 0, 1
4.71747979166667, 1, 1
4.71747983333333, 0, 1
4.717479875, 1, 1
4.71747991666667, 0, 1
4.71747995833333, 1, 1
4.71748, 0, 1
4.71748004166667, 1, 1
4.71748008333333, 0, 1
4.717480125, 1, 1
4.71748016666667, 0, 1
4.71748020833333, 1, 1
4.71748025, 0, 1
4.71748029166667, 1, 1
4.71748033333333, 0, 1
4.717480375, 1, 1
4.71748041666667, 0, 1
4.71748045833333, 1, 1
4.7174805, 0, 1
4.71748054166667, 1, 1
4.71748058333333, 0, 1
4.71748066666667, 1, 1
4.71748070833333, 0, 1
4.71748075, 1, 1
4.71748079166667, 0, 1
4.71748083333333, 1, 1
4.717480875, 0, 1
4.71748091666667, 1, 1
4.71748095833333, 0, 1
4.717481, 1, 1
4.71748104166667, 0, 1
4.71748108333333, 1, 1
4.717481125, 0, 1
4.71748116666667, 1, 1
4.71748120833333, 0, 1
4.71748125, 1, 1
4.71748129166667, 0, 1
4.71748133333333, 1, 1
4.717481375, 0, 1
4.71748141666667, 1, 1
4.71748145833333, 0, 1
4.7174815, 1, 1
4.71748154166667, 0, 1
4.717481625, 1, 1
4.71748166666667, 0, 1
4.71748170833333, 1, 1
4.71748175, 0, 1
4.71748179166667, 1, 1
4.71748183333333, 0, 1
4.717481875, 1, 1
4.71748191666667, 0, 1
4.71748195833333, 1, 1
4.717482, 0, 1
4.71748204166667, 1, 1
4.71748208333333, 0, 1
4.717482125, 1, 1
4.7174825, 0, 1
5.72260579166667, 1, 1
5.72260583333333, 0, 1
5.722605875, 1, 1
5.72260591666667, 0, 1
5.72260595833333, 1, 1
5.722606, 0, 1
5.72260604166667, 1, 1
5.72260608333333, 0, 1
5.722606125, 1, 1
5.72260616666667, 0, 1
5.72260620833333, 1, 1
5.72260625, 0, 1
5.72260629166667, 1, 1
5.722606375, 0, 1
5.72260641666667, 1, 1
5.72260645833333, 0, 1
5.7226065, 1, 1
5.72260654166667, 0, 1
5.72260658333333, 1, 1
5.722606625, 0, 1
5.72260666666667, 1, 1
5.72260670833333, 0, 1
5.72260675, 1, 1
5.72260679166667, 0, 1
5.72260683333333, 1, 1
5.722606875, 0, 1
5.72260691666667, 1, 1
5.72260695833333, 0, 1
5.722607, 1, 1
5.72260704166667, 0, 1
5.72260708333333, 1, 1
5.722607125, 0, 1
5.72260716666667, 1, 1
5.72260720833333, 0, 1
5.72260725, 1, 1
5.72260729166667, 0, 1
5.722607375, 1, 1
5.72260741666667, 0, 1
5.72260745833333, 1, 1
5.7226075, 0, 1
5.72260754166667, 1, 1
5.72260758333333, 0, 1
5.722607625, 1, 1
5.72260766666667, 0, 1
5.72260770833333, 1, 1
5.72260775, 0, 1
5.72260779166667, 1, 1
5.72260783333333, 0, 1
5.722607875, 1, 1
5.72260791666667, 0, 1
5.72260795833333, 1, 1
5.722608, 0, 1
5.72260804166667, 1, 1
5.72260808333333, 0, 1
5.722608125, 1, 1
5.72260816666667, 0, 1
5.72260820833333, 1, 1
5.72260825, 0, 1
5.72260829166667, 1, 1
5.722608375, 0, 1
5.72260841666667, 1, 1
5.72260845833333, 0, 1
5.7226085, 1, 1
5.72260854166667, 0, 1
5.72260858333333, 1, 1
5.722608625, 0, 1
5.72260866666667, 1, 1
5.72260870833333, 0, 1
5.72260875, 1, 1
5.72260879166667, 0, 1
5.72260883333333, 1, 1
5.722608875, 0, 1
5.72260891666667, 1, 1
5.72260895833333, 0, 1
5.722609, 1, 1
5.72260904166667, 0, 1
5.72260908333333, 1, 1
5.722609125, 0, 1
5.72260916666667, 1, 1
5.72260920833333, 0, 1
5.72260925, 1, 1
5.72260929166667, 0, 1
5.722609375, 1, 1
5.72260941666667, 0, 1
5.72260945833333, 1, 1
5.7226095, 0, 1
5.72260954166667, 1, 1
5.72260958333333, 0, 1
5.722609625, 1, 1
5.72260966666667, 0, 1
5.72260970833333, 1, 1
5.72260975, 0, 1
5.72260979166667, 1, 1
5.72260983333333, 0, 1
5.722609875, 1, 1
5.72260991666667, 0, 1
5.72260995833333, 1, 1
5.72261, 0, 1
5.72261004166667, 1, 1
5.72261008333333, 0, 1
5.722610125, 1, 1
5.72261016666667, 0, 1
5.72261020833333, 1, 1
5.72261025, 0, 1
5.72261029166667, 1, 1
5.722610375, 0, 1
5.72261041666667, 1, 1
5.72261045833333, 0, 1
5.7226105, 1, 1
5.72261054166667, 0, 1
5.72261058333333, 1, 1
5.722610625, 0, 1
5.72261066666667, 1, 1
5.72261070833333, 0, 1
5.72261075, 1, 1
5.72261079166667, 0, 1
5.72261083333333, 1, 1
5.722610875, 0, 1
5.72261091666667, 1, 1
5.72261095833333, 0, 1
5.722611, 1, 1
5.72261104166667, 0, 1
5.72261108333333, 1, 1
5.722611125, 0, 1
5.72261116666667, 1, 1
5.7226115, 0, 1
5.72655320833333, 1, 1
5.72655325, 0, 1
5.72655329166667, 1, 1
5.72655333333333, 0, 1
5.726553375, 1, 1
5.72655341666667, 0, 1
5.72655345833333, 1, 1
5.7265535, 0, 1
5.72655354166667, 1, 1
5.72655358333333, 0, 1
5.726553625, 1, 1
5.72655366666667, 0, 1
5.72655370833333, 1, 1
5.72655375, 0, 1
5.72655379166667, 1, 1
5.72655383333333, 0, 1
5.726553875, 1, 1
5.72655391666667, 0, 1
5.72655395833333, 1, 1
5.726554, 0, 1
5.72655404166667, 1, 1
5.72655408333333, 0, 1
5.726554125, 1, 1
5.72655416666667, 0, 1
5.72655425, 1, 1
5.72655429166667, 0, 1
5.72655433333333, 1, 1
5.726554375, 0, 1
5.72655441666667, 1, 1
5.72655445833333, 0, 1
5.7265545, 1, 1
5.72655454166667, 0, 1
5.72655458333333, 1, 1
5.726554625, 0, 1
5.72655466666667, 1, 1
5.72655470833333, 0, 1
5.72655475, 1, 1
5.72655479166667, 0, 1
5.72655483333333, 1, 1
5.726554875, 0, 1
5.72655491666667, 1, 1
5.72655495833333, 0, 1
5.726555, 1, 1
5.72655504166667, 0, 1
5.72655508333333, 1, 1
5.726555125, 0, 1
5.72655516666667, 1, 1
5.72655525, 0, 1
5.72655529166667, 1, 1
5.72655533333333, 0, 1
5.726555375, 1, 1
5.72655541666667, 0, 1
5.72655545833333, 1, 1
5.7265555, 0, 1
5.72655554166667, 1, 1
5.72655558333333, 0, 1
5.726555625, 1, 1
5.72655566666667, 0, 1
5.72655570833333, 1, 1
5.72655575, 0, 1
5.72655579166667, 1, 1
5.72655583333333, 0, 1
5.726555875, 1, 1
5.72655591666667, 0, 1
5.72655595833333, 1, 1
5.726556, 0, 1
5.72655604166667, 1, 1
5.72655608333333, 0, 1
5.726556125, 1, 1
5.72655616666667, 0, 1
5.72655625, 1, 1
5.72655629166667, 0, 1
5.72655633333333, 1, 1
5.726556375, 0, 1
5.72655641666667, 1, 1
5.72655645833333, 0, 1
5.7265565, 1, 1
5.72655654166667, 0, 1
5.72655658333333, 1, 1
5.726556625, 0, 1
5.72655666666667, 1, 1
5.72655670833333, 0, 1
5.72655675, 1, 1
5.72655679166667, 0, 1
5.72655683333333, 1, 1
5.726556875, 0, 1
5.72655691666667, 1, 1
5.72655695833333, 0, 1
5.726557, 1, 1
5.72655704166667, 0, 1
5.72655708333333, 1, 1
5.726557125, 0, 1
5.72655716666667, 1, 1
5.72655725, 0, 1
5.72655729166667, 1, 1
5.72655733333333, 0, 1
5.726557375, 1, 1
5.72655741666667, 0, 1
5.72655745833333, 1, 1
5.7265575, 0, 1
5.72655754166667, 1, 1
5.72655758333333, 0, 1
5.726557625, 1, 1
5.72655766666667, 0, 1
5.72655770833333, 1, 1
5.72655775, 0, 1
5.72655779166667, 1, 1
5.72655783333333, 0, 1
5.726557875, 1, 1
5.72655791666667, 0, 1
5.72655795833333, 1, 1
5.726558, 0, 1
5.72655804166667, 1, 1
5.72655808333333, 0, 1
5.726558125, 1, 1
5.72655816666667, 0, 1
5.72655825, 1, 1
5.72655829166667, 0, 1
5.72655833333333, 1, 1
5.726558375, 0, 1
5.72655841666667, 1, 1
5.72655845833333, 0, 1
5.7265585, 1, 1
5.72655854166667, 0, 1
5.72655858333333, 1, 1
5.72655895833333, 0, 1
